recordtimeStr;meterCount;voltage;frequence;current;totalPowerFactor;powerfactor;totalActivePower;activepower;totalReactivePower;reactivepower
2019-07-01 00:05:00;100.37;166.3;46.25;5.33;0.88;0.88;0.76;0.76;0.0;0.0
2019-07-01 00:10:00;100.37;166.3;46.25;5.33;0.88;0.88;0.76;0.76;0.0;0.0
2019-07-01 00:15:00;100.49;163.1;46.89;4.87;0.88;0.88;0.75;0.75;0.0;0.0
2019-07-01 00:20:00;100.49;163.1;46.89;4.87;0.88;0.88;0.75;0.75;0.0;0.0
2019-07-01 00:25:00;100.62;162.4;45.77;5.53;0.87;0.87;0.79;0.79;0.0;0.0
2019-07-01 00:30:00;100.62;162.4;45.77;5.53;0.87;0.87;0.79;0.79;0.0;0.0
2019-07-01 00:35:00;100.75;164.2;46.2;5.25;0.87;0.87;0.76;0.76;0.0;0.0
2019-07-01 00:40:00;100.75;164.2;46.2;5.25;0.87;0.87;0.76;0.76;0.0;0.0
2019-07-01 00:45:00;100.88;163.2;45.92;5.32;0.88;0.88;0.78;0.78;0.0;0.0
2019-07-01 00:50:00;100.88;163.2;45.92;5.32;0.88;0.88;0.78;0.78;0.0;0.0
2019-07-01 00:55:00;101.00;153.6;45.59;5.65;0.87;0.87;0.75;0.75;0.0;0.0
2019-07-01 01:00:00;101.00;153.6;45.59;5.65;0.87;0.87;0.75;0.75;0.0;0.0
2019-07-01 01:48:00;101.68;164.3;46.19;5.54;0.87;0.87;0.79;0.79;0.0;0.0
2019-07-01 01:50:00;101.68;164.3;46.19;5.54;0.87;0.87;0.79;0.79;0.0;0.0
2019-07-01 01:55:00;101.80;172.0;46.65;4.93;0.88;0.88;0.74;0.74;0.0;0.0
2019-07-01 02:00:00;101.80;172.0;46.65;4.93;0.88;0.88;0.74;0.74;0.0;0.0
2019-07-01 02:05:00;101.93;167.5;46.06;5.15;0.87;0.87;0.74;0.74;0.0;0.0
2019-07-01 02:10:00;101.93;167.5;46.06;5.15;0.87;0.87;0.74;0.74;0.0;0.0
2019-07-01 02:15:00;102.05;168.2;46.51;5.14;0.87;0.87;0.75;0.75;0.0;0.0
2019-07-01 02:20:00;102.05;168.2;46.51;5.14;0.87;0.87;0.75;0.75;0.0;0.0
2019-07-01 02:25:00;102.18;161.0;46.34;5.19;0.88;0.88;0.75;0.75;0.0;0.0
2019-07-01 02:30:00;102.18;161.0;46.34;5.19;0.88;0.88;0.75;0.75;0.0;0.0
2019-07-01 02:35:00;102.30;175.5;47.27;4.4;0.89;0.89;0.71;0.71;0.0;0.0
2019-07-01 02:37:00;102.30;175.5;47.27;4.4;0.89;0.89;0.71;0.71;0.0;0.0
2019-07-01 02:40:00;102.30;175.5;47.27;4.4;0.89;0.89;0.71;0.71;0.0;0.0
2019-07-01 02:45:00;102.42;176.0;47.04;4.59;0.88;0.88;0.75;0.75;0.0;0.0
2019-07-01 02:50:00;102.42;176.0;47.04;4.59;0.88;0.88;0.75;0.75;0.0;0.0
2019-07-01 02:55:00;102.54;178.4;47.27;4.35;0.89;0.89;0.68;0.68;0.0;0.0
2019-07-01 03:00:00;102.54;178.4;47.27;4.35;0.89;0.89;0.68;0.68;0.0;0.0
2019-07-01 03:06:00;102.65;176.9;46.98;4.51;0.88;0.88;0.7;0.7;0.0;0.0
2019-07-01 03:10:00;102.65;176.9;46.98;4.51;0.88;0.88;0.7;0.7;0.0;0.0
2019-07-01 03:15:00;102.75;185.4;48.12;3.66;0.82;0.82;0.55;0.55;0.0;0.0
2019-07-01 03:20:00;102.75;185.4;48.12;3.66;0.82;0.82;0.55;0.55;0.0;0.0
2019-07-01 03:25:00;102.84;181.9;48.29;3.53;0.83;0.83;0.56;0.56;0.0;0.0
2019-07-01 03:30:00;102.84;181.9;48.29;3.53;0.83;0.83;0.56;0.56;0.0;0.0
2019-07-01 03:35:00;102.94;182.3;47.72;3.91;0.89;0.89;0.62;0.62;0.0;0.0
2019-07-01 03:40:00;102.94;182.3;47.72;3.91;0.89;0.89;0.62;0.62;0.0;0.0
2019-07-01 03:45:00;103.05;174.5;47.33;4.21;0.89;0.89;0.66;0.66;0.0;0.0
2019-07-01 03:50:00;103.05;174.5;47.33;4.21;0.89;0.89;0.66;0.66;0.0;0.0
2019-07-01 15:56:00;103.08;208.0;49.12;0.0;1.0;1.0;0.0;0.0;0.0;0.0
2019-07-01 16:00:00;103.08;208.0;49.12;0.0;1.0;1.0;0.0;0.0;0.0;0.0
2019-07-01 16:05:00;103.19;179.7;46.96;4.65;0.88;0.88;0.73;0.73;0.0;0.0
2019-07-01 16:10:00;103.19;179.7;46.96;4.65;0.88;0.88;0.73;0.73;0.0;0.0
2019-07-01 16:15:00;103.31;181.8;47.51;4.47;0.88;0.88;0.71;0.71;0.0;0.0
2019-07-01 16:20:00;103.31;181.8;47.51;4.47;0.88;0.88;0.71;0.71;0.0;0.0
2019-07-01 16:25:00;103.43;182.5;47.17;4.73;0.88;0.88;0.73;0.73;0.0;0.0
2019-07-01 16:30:00;103.43;182.5;47.17;4.73;0.88;0.88;0.73;0.73;0.0;0.0
2019-07-01 16:35:00;103.56;179.0;47.41;4.5;0.89;0.89;0.73;0.73;0.0;0.0
2019-07-01 16:40:00;103.56;179.0;47.41;4.5;0.89;0.89;0.73;0.73;0.0;0.0
2019-07-01 16:45:00;103.68;184.0;47.54;4.61;0.89;0.89;0.75;0.75;0.0;0.0
2019-07-01 16:50:00;103.68;184.0;47.54;4.61;0.89;0.89;0.75;0.75;0.0;0.0
2019-07-01 16:55:00;103.80;175.0;46.78;4.62;0.87;0.87;0.71;0.71;0.0;0.0
2019-07-01 17:00:00;103.80;175.0;46.78;4.62;0.87;0.87;0.71;0.71;0.0;0.0
2019-07-01 17:05:00;103.92;172.9;47.21;4.75;0.86;0.86;0.7;0.7;0.0;0.0
2019-07-01 17:10:00;103.92;172.9;47.21;4.75;0.86;0.86;0.7;0.7;0.0;0.0
2019-07-01 17:15:00;104.04;174.4;46.97;4.73;0.87;0.87;0.71;0.71;0.0;0.0
2019-07-01 17:20:00;104.04;174.4;46.97;4.73;0.87;0.87;0.71;0.71;0.0;0.0
2019-07-01 17:25:00;104.16;171.6;47.06;5.15;0.86;0.86;0.73;0.73;0.0;0.0
2019-07-01 17:30:00;104.16;171.6;47.06;5.15;0.86;0.86;0.73;0.73;0.0;0.0
2019-07-01 17:35:00;104.28;170.7;46.77;4.72;0.87;0.87;0.75;0.75;0.0;0.0
2019-07-01 17:40:00;104.28;170.7;46.77;4.72;0.87;0.87;0.75;0.75;0.0;0.0
2019-07-01 17:45:00;104.40;178.5;47.49;4.72;0.86;0.86;0.75;0.75;0.0;0.0
2019-07-01 17:50:00;104.40;178.5;47.49;4.72;0.86;0.86;0.75;0.75;0.0;0.0
2019-07-01 17:55:00;104.51;166.6;46.68;4.78;0.86;0.86;0.71;0.71;0.0;0.0
2019-07-01 18:00:00;104.51;166.6;46.68;4.78;0.86;0.86;0.71;0.71;0.0;0.0
2019-07-01 18:05:00;104.63;180.1;47.68;4.34;0.86;0.86;0.68;0.68;0.0;0.0
2019-07-01 18:10:00;104.63;180.1;47.68;4.34;0.86;0.86;0.68;0.68;0.0;0.0
2019-07-01 18:15:00;104.75;179.6;47.3;4.34;0.87;0.87;0.67;0.67;0.0;0.0
2019-07-01 18:20:00;104.75;179.6;47.3;4.34;0.87;0.87;0.67;0.67;0.0;0.0
2019-07-01 18:25:00;104.87;167.3;45.7;5.3;0.87;0.87;0.73;0.73;0.0;0.0
2019-07-01 18:30:00;104.87;167.3;45.7;5.3;0.87;0.87;0.73;0.73;0.0;0.0
2019-07-01 19:35:00;105.68;166.0;46.37;4.87;0.87;0.87;0.72;0.72;0.0;0.0
2019-07-01 19:40:00;105.68;166.0;46.37;4.87;0.87;0.87;0.72;0.72;0.0;0.0
2019-07-01 19:45:00;105.80;170.2;46.91;4.78;0.86;0.86;0.7;0.7;0.0;0.0
2019-07-01 19:50:00;105.80;170.2;46.91;4.78;0.86;0.86;0.7;0.7;0.0;0.0
2019-07-01 19:55:00;105.91;172.8;47.2;4.74;0.87;0.87;0.71;0.71;0.0;0.0
2019-07-01 20:00:00;105.91;172.8;47.2;4.74;0.87;0.87;0.71;0.71;0.0;0.0
2019-07-01 20:05:00;106.02;169.0;47.31;4.86;0.87;0.87;0.69;0.69;0.0;0.0
2019-07-01 20:06:00;106.02;169.0;47.31;4.86;0.87;0.87;0.69;0.69;0.0;0.0
2019-07-01 20:10:00;106.02;169.0;47.31;4.86;0.87;0.87;0.69;0.69;0.0;0.0
2019-07-01 20:15:00;106.15;159.3;45.7;5.55;0.85;0.85;0.75;0.75;0.0;0.0
2019-07-01 20:45:00;106.58;152.8;45.49;5.96;0.86;0.86;0.77;0.77;0.0;0.0
2019-07-01 20:56:00;106.63;154.8;45.54;5.62;0.86;0.86;0.75;0.75;0.0;0.0
2019-07-01 21:00:00;106.76;166.4;46.42;5.11;0.87;0.87;0.74;0.74;0.0;0.0
2019-07-01 21:05:00;106.76;166.4;46.42;5.11;0.87;0.87;0.74;0.74;0.0;0.0
2019-07-01 21:10:00;106.88;177.1;47.12;4.54;0.87;0.87;0.71;0.71;0.0;0.0
2019-07-01 21:15:00;106.88;177.1;47.12;4.54;0.87;0.87;0.71;0.71;0.0;0.0
2019-07-01 21:20:00;106.99;181.4;47.79;4.25;0.87;0.87;0.67;0.67;0.0;0.0
2019-07-01 21:25:00;106.99;181.4;47.79;4.25;0.87;0.87;0.67;0.67;0.0;0.0
2019-07-01 21:30:00;107.11;175.1;46.84;4.63;0.86;0.86;0.68;0.68;0.0;0.0
2019-07-01 21:35:00;107.11;175.1;46.84;4.63;0.86;0.86;0.68;0.68;0.0;0.0
2019-07-01 21:40:00;107.22;175.7;47.21;4.8;0.86;0.86;0.71;0.71;0.0;0.0
2019-07-01 21:45:00;107.22;175.7;47.21;4.8;0.86;0.86;0.71;0.71;0.0;0.0
2019-07-01 21:50:00;107.34;178.4;48.09;4.5;0.86;0.86;0.7;0.7;0.0;0.0
2019-07-01 21:55:00;107.34;178.4;48.09;4.5;0.86;0.86;0.7;0.7;0.0;0.0
2019-07-01 22:00:00;107.45;175.2;47.39;4.49;0.86;0.86;0.7;0.7;0.0;0.0
2019-07-01 22:05:00;107.45;175.2;47.39;4.49;0.86;0.86;0.7;0.7;0.0;0.0
2019-07-01 22:10:00;107.58;164.2;46.64;5.23;0.86;0.86;0.76;0.76;0.0;0.0
2019-07-01 22:15:00;107.58;164.2;46.64;5.23;0.86;0.86;0.76;0.76;0.0;0.0
2019-07-01 22:20:00;107.70;171.1;46.24;5.57;0.86;0.86;0.77;0.77;0.0;0.0
2019-07-01 22:25:00;107.70;171.1;46.24;5.57;0.86;0.86;0.77;0.77;0.0;0.0
2019-07-01 22:30:00;107.83;173.5;47.31;5.23;0.86;0.86;0.76;0.76;0.0;0.0
2019-07-01 22:35:00;107.83;173.5;47.31;5.23;0.86;0.86;0.76;0.76;0.0;0.0
2019-07-01 22:40:00;107.96;174.0;47.2;5.07;0.86;0.86;0.74;0.74;0.0;0.0
2019-07-01 22:45:00;107.96;174.0;47.2;5.07;0.86;0.86;0.74;0.74;0.0;0.0
2019-07-01 22:50:00;108.08;174.2;47.11;4.78;0.87;0.87;0.75;0.75;0.0;0.0
2019-07-01 22:55:00;108.08;174.2;47.11;4.78;0.87;0.87;0.75;0.75;0.0;0.0
2019-07-01 23:00:00;108.20;176.0;47.51;4.85;0.86;0.86;0.73;0.73;0.0;0.0
2019-07-01 23:05:00;108.20;176.0;47.51;4.85;0.86;0.86;0.73;0.73;0.0;0.0
2019-07-01 23:10:00;108.32;170.0;47.18;5.18;0.86;0.86;0.76;0.76;0.0;0.0
2019-07-01 23:15:00;108.32;170.0;47.18;5.18;0.86;0.86;0.76;0.76;0.0;0.0
2019-07-01 23:20:00;108.45;170.2;46.84;5.08;0.86;0.86;0.74;0.74;0.0;0.0
2019-07-01 23:25:00;108.45;170.2;46.84;5.08;0.86;0.86;0.74;0.74;0.0;0.0
2019-07-01 23:30:00;108.57;162.7;45.97;5.14;0.86;0.86;0.72;0.72;0.0;0.0
2019-07-01 23:35:00;108.57;162.7;45.97;5.14;0.86;0.86;0.72;0.72;0.0;0.0
2019-07-01 23:40:00;108.69;162.3;46.31;5.27;0.89;0.89;0.75;0.75;0.0;0.0
2019-07-01 23:45:00;108.69;162.3;46.31;5.27;0.89;0.89;0.75;0.75;0.0;0.0
2019-07-01 23:51:00;108.83;155.1;45.36;5.74;0.86;0.86;0.74;0.74;0.0;0.0
2019-07-02 00:01:00;108.93;144.9;44.45;5.66;0.86;0.86;0.75;0.75;0.0;0.0
2019-07-02 00:16:00;109.14;158.0;45.61;5.3;0.86;0.86;0.72;0.72;0.0;0.0
2019-07-02 00:50:00;109.44;162.4;45.12;5.52;0.86;0.86;0.72;0.72;0.0;0.0
2019-07-02 00:55:00;109.56;167.2;46.22;4.97;0.86;0.86;0.73;0.73;0.0;0.0
2019-07-02 00:57:00;109.62;174.2;47.13;4.22;0.87;0.87;0.65;0.65;0.0;0.0
2019-07-02 00:59:00;109.65;154.1;45.78;5.24;0.86;0.86;0.72;0.72;0.0;0.0
2019-07-02 01:00:00;109.65;154.1;45.78;5.24;0.86;0.86;0.72;0.72;0.0;0.0
2019-07-02 01:05:00;109.65;154.1;45.78;5.24;0.86;0.86;0.72;0.72;0.0;0.0
2019-07-02 01:10:00;109.77;165.5;46.03;4.96;0.86;0.86;0.71;0.71;0.0;0.0
2019-07-02 01:15:00;109.77;165.5;46.03;4.96;0.86;0.86;0.71;0.71;0.0;0.0
2019-07-02 01:20:00;109.89;162.8;45.91;5.14;0.86;0.86;0.72;0.72;0.0;0.0
2019-07-02 01:25:00;109.89;162.8;45.91;5.14;0.86;0.86;0.72;0.72;0.0;0.0
2019-07-02 01:30:00;110.01;156.8;45.36;5.61;0.86;0.86;0.73;0.73;0.0;0.0
2019-07-02 03:08:00;111.20;155.9;45.71;5.32;0.85;0.85;0.72;0.72;0.0;0.0
2019-07-02 03:10:00;111.20;155.9;45.71;5.32;0.85;0.85;0.72;0.72;0.0;0.0
2019-07-02 03:15:00;111.20;155.9;45.71;5.32;0.85;0.85;0.72;0.72;0.0;0.0
2019-07-02 03:17:00;111.32;178.4;47.63;4.91;0.87;0.87;0.75;0.75;0.0;0.0
2019-07-02 03:20:00;111.32;178.4;47.63;4.91;0.87;0.87;0.75;0.75;0.0;0.0
2019-07-02 03:25:00;111.32;178.4;47.63;4.91;0.87;0.87;0.75;0.75;0.0;0.0
2019-07-02 03:26:00;111.45;182.0;47.74;4.88;0.87;0.87;0.76;0.76;0.0;0.0
2019-07-02 03:30:00;111.45;182.0;47.74;4.88;0.87;0.87;0.76;0.76;0.0;0.0
2019-07-02 03:35:00;111.45;182.0;47.74;4.88;0.87;0.87;0.76;0.76;0.0;0.0
2019-07-02 03:40:00;111.57;179.1;46.94;4.75;0.86;0.86;0.76;0.76;0.0;0.0
2019-07-02 03:45:00;111.57;179.1;46.94;4.75;0.86;0.86;0.76;0.76;0.0;0.0
2019-07-02 03:50:00;111.67;186.7;48.19;3.81;0.78;0.78;0.55;0.55;0.0;0.0
2019-07-02 03:55:00;111.67;186.7;48.19;3.81;0.78;0.78;0.55;0.55;0.0;0.0
2019-07-02 04:00:00;111.76;185.6;48.58;3.92;0.77;0.77;0.57;0.57;0.0;0.0
2019-07-02 04:05:00;111.76;185.6;48.58;3.92;0.77;0.77;0.57;0.57;0.0;0.0
2019-07-02 15:35:00;111.84;187.1;48.17;1.85;0.9;0.9;0.28;0.28;0.0;0.0
2019-07-02 15:40:00;111.84;187.1;48.17;1.85;0.9;0.9;0.28;0.28;0.0;0.0
2019-07-02 15:45:00;111.95;174.7;47.08;4.6;0.86;0.86;0.66;0.66;0.0;0.0
2019-07-02 15:50:00;111.95;174.7;47.08;4.6;0.86;0.86;0.66;0.66;0.0;0.0
2019-07-02 15:55:00;112.06;180.2;47.51;4.34;0.86;0.86;0.67;0.67;0.0;0.0
2019-07-02 16:00:00;112.06;180.2;47.51;4.34;0.86;0.86;0.67;0.67;0.0;0.0
2019-07-02 16:05:00;112.19;165.9;46.17;5.61;0.85;0.85;0.78;0.78;0.0;0.0
2019-07-02 16:10:00;112.19;165.9;46.17;5.61;0.85;0.85;0.78;0.78;0.0;0.0
2019-07-02 16:15:00;112.31;148.1;44.53;5.96;0.86;0.86;0.76;0.76;0.0;0.0
2019-07-02 17:01:00;112.86;164.3;45.62;5.06;0.85;0.85;0.74;0.74;0.0;0.0
2019-07-02 17:05:00;112.86;164.3;45.62;5.06;0.85;0.85;0.74;0.74;0.0;0.0
2019-07-02 17:34:00;113.21;161.3;45.64;5.5;0.85;0.85;0.71;0.71;0.0;0.0
2019-07-08 11:00:00;144.99;171.9;47.0;4.48;0.86;0.86;0.68;0.68;0.0;0.0
2019-07-08 11:05:00;144.99;171.9;47.0;4.48;0.86;0.86;0.68;0.68;0.0;0.0
2019-07-08 11:10:00;145.10;163.0;46.24;4.85;0.86;0.86;0.68;0.68;0.0;0.0
2019-07-08 11:11:00;145.10;163.0;46.24;4.85;0.86;0.86;0.68;0.68;0.0;0.0
2019-07-08 11:15:00;145.10;163.0;46.24;4.85;0.86;0.86;0.68;0.68;0.0;0.0
2019-07-08 11:20:00;145.22;166.6;46.24;4.81;0.86;0.86;0.68;0.68;0.0;0.0
2019-07-08 11:32:00;145.32;181.1;47.74;4.01;0.86;0.86;0.59;0.59;0.0;0.0
2019-07-08 11:35:00;145.32;181.1;47.74;4.01;0.86;0.86;0.59;0.59;0.0;0.0
2019-07-08 11:40:00;145.32;181.1;47.74;4.01;0.86;0.86;0.59;0.59;0.0;0.0
2019-07-08 11:45:00;145.43;178.4;47.26;4.21;0.85;0.85;0.63;0.63;0.0;0.0
2019-07-08 11:50:00;145.43;178.4;47.26;4.21;0.85;0.85;0.63;0.63;0.0;0.0
2019-07-08 11:55:00;145.53;170.1;46.95;4.49;0.86;0.86;0.64;0.64;0.0;0.0
2019-07-08 12:00:00;145.53;170.1;46.95;4.49;0.86;0.86;0.64;0.64;0.0;0.0
2019-07-08 12:05:00;145.63;176.5;46.98;3.89;0.86;0.86;0.6;0.6;0.0;0.0
2019-07-08 12:10:00;145.63;176.5;46.98;3.89;0.86;0.86;0.6;0.6;0.0;0.0
2019-07-08 12:15:00;145.73;181.7;47.69;3.68;0.86;0.86;0.61;0.61;0.0;0.0
2019-07-08 12:16:00;145.73;181.7;47.69;3.68;0.86;0.86;0.61;0.61;0.0;0.0
2019-07-08 12:20:00;145.73;181.7;47.69;3.68;0.86;0.86;0.61;0.61;0.0;0.0
2019-07-08 12:25:00;145.84;166.1;46.51;5.09;0.84;0.84;0.72;0.72;0.0;0.0
2019-07-08 12:30:00;145.84;166.1;46.51;5.09;0.84;0.84;0.72;0.72;0.0;0.0
2019-07-08 12:35:00;145.95;165.4;46.52;5.23;0.84;0.84;0.69;0.69;0.0;0.0
2019-07-08 12:40:00;145.95;165.4;46.52;5.23;0.84;0.84;0.69;0.69;0.0;0.0
2019-07-08 12:41:00;145.95;165.4;46.52;5.23;0.84;0.84;0.69;0.69;0.0;0.0
2019-07-08 12:45:00;146.06;169.9;46.66;4.89;0.84;0.84;0.68;0.68;0.0;0.0
2019-07-08 12:50:00;146.06;169.9;46.66;4.89;0.84;0.84;0.68;0.68;0.0;0.0
2019-07-08 12:51:00;146.19;149.4;45.65;5.5;0.83;0.83;0.73;0.73;0.0;0.0
2019-07-08 12:55:00;146.19;149.4;45.65;5.5;0.83;0.83;0.73;0.73;0.0;0.0
2019-07-08 13:00:00;146.19;149.4;45.65;5.5;0.83;0.83;0.73;0.73;0.0;0.0
2019-07-08 13:43:00;146.76;147.5;43.94;5.87;0.84;0.84;0.7;0.7;0.0;0.0
2019-07-08 14:51:00;147.60;152.7;45.3;5.42;0.85;0.85;0.69;0.69;0.0;0.0
2019-07-08 17:34:00;144.66;173.6;46.71;4.66;0.86;0.86;0.68;0.68;0.0;0.0
2019-07-08 17:35:00;144.66;173.6;46.71;4.66;0.86;0.86;0.68;0.68;0.0;0.0
2019-07-08 17:40:00;144.77;177.1;47.41;4.52;0.86;0.86;0.64;0.64;0.0;0.0
2019-07-08 17:45:00;144.77;177.1;47.41;4.52;0.86;0.86;0.64;0.64;0.0;0.0
2019-07-08 17:50:00;144.88;173.1;46.91;4.41;0.86;0.86;0.67;0.67;0.0;0.0
2019-07-08 17:55:00;144.88;173.1;46.91;4.41;0.86;0.86;0.67;0.67;0.0;0.0
2019-07-08 22:43:00;148.17;155.6;44.97;5.12;0.86;0.86;0.69;0.69;0.0;0.0
2019-07-08 22:47:00;148.21;151.8;44.41;5.65;0.87;0.87;0.73;0.73;0.0;0.0
2019-07-08 22:50:00;148.21;151.8;44.41;5.65;0.87;0.87;0.73;0.73;0.0;0.0
2019-07-08 23:29:00;148.65;167.2;46.49;4.75;0.87;0.87;0.71;0.71;0.0;0.0
2019-07-08 23:30:00;148.65;167.2;46.49;4.75;0.87;0.87;0.71;0.71;0.0;0.0
2019-07-08 23:35:00;148.77;167.2;46.23;4.92;0.87;0.87;0.7;0.7;0.0;0.0
2019-07-08 23:40:00;148.77;167.2;46.23;4.92;0.87;0.87;0.7;0.7;0.0;0.0
2019-07-08 23:45:00;148.88;167.4;45.68;4.52;0.87;0.87;0.69;0.69;0.0;0.0
2019-07-08 23:50:00;148.88;167.4;45.68;4.52;0.87;0.87;0.69;0.69;0.0;0.0
2019-07-08 23:55:00;149.00;161.4;45.62;4.77;0.86;0.86;0.68;0.68;0.0;0.0
2019-07-09 07:00:00;149.00;161.4;45.62;4.77;0.86;0.86;0.68;0.68;0.0;0.0
2019-07-09 07:05:00;149.11;164.8;46.11;4.64;0.87;0.87;0.67;0.67;0.0;0.0
2019-07-09 07:10:00;149.11;164.8;46.11;4.64;0.87;0.87;0.67;0.67;0.0;0.0
2019-07-09 07:15:00;149.22;167.7;46.36;4.72;0.87;0.87;0.69;0.69;0.0;0.0
2019-07-09 07:49:00;149.56;156.2;45.57;5.27;0.87;0.87;0.69;0.69;0.0;0.0
2019-07-09 07:50:00;149.56;156.2;45.57;5.27;0.87;0.87;0.69;0.69;0.0;0.0
2019-07-09 08:14:00;149.69;185.9;47.62;3.13;0.88;0.88;0.51;0.51;0.0;0.0
2019-07-09 08:15:00;149.69;185.9;47.62;3.13;0.88;0.88;0.51;0.51;0.0;0.0
2019-07-09 08:20:00;149.69;185.9;47.62;3.13;0.88;0.88;0.51;0.51;0.0;0.0
2019-07-09 08:25:00;149.78;178.3;47.24;3.92;0.87;0.87;0.62;0.62;0.0;0.0
2019-07-09 08:30:00;149.78;178.3;47.24;3.92;0.87;0.87;0.62;0.62;0.0;0.0
2019-07-11 18:34:00;149.87;172.2;47.38;5.57;0.87;0.87;0.76;0.76;0.0;0.0
2019-07-11 18:35:00;149.87;172.2;47.38;5.57;0.87;0.87;0.76;0.76;0.0;0.0
2019-07-12 18:03:00;149.92;184.7;47.61;4.16;0.87;0.87;0.62;0.62;0.0;0.0
2019-07-12 18:05:00;149.92;184.7;47.61;4.16;0.87;0.87;0.62;0.62;0.0;0.0
2019-07-12 18:10:00;149.92;184.7;47.61;4.16;0.87;0.87;0.62;0.62;0.0;0.0
2019-07-12 18:15:00;150.03;165.5;45.31;4.55;0.83;0.83;0.63;0.63;0.0;0.0
2019-07-12 18:16:00;150.03;165.5;45.31;4.55;0.83;0.83;0.63;0.63;0.0;0.0
2019-07-12 18:20:00;150.03;165.5;45.31;4.55;0.83;0.83;0.63;0.63;0.0;0.0
2019-07-12 18:39:00;150.12;179.9;47.57;3.97;0.87;0.87;0.65;0.65;0.0;0.0
2019-07-12 18:40:00;150.12;179.9;47.57;3.97;0.87;0.87;0.65;0.65;0.0;0.0
2019-07-13 10:54:00;150.17;183.7;47.59;3.89;0.91;0.91;0.65;0.65;0.0;0.0
2019-07-13 10:55:00;150.17;183.7;47.59;3.89;0.91;0.91;0.65;0.65;0.0;0.0
2019-07-13 11:00:00;150.17;183.7;47.59;3.89;0.91;0.91;0.65;0.65;0.0;0.0
2019-07-13 12:17:00;151.17;165.5;45.64;4.55;0.89;0.89;0.68;0.68;0.0;0.0
2019-07-14 18:55:00;151.18;183.0;47.4;4.25;0.87;0.87;0.66;0.66;0.0;0.0
2019-07-14 18:58:00;151.18;183.0;47.4;4.25;0.87;0.87;0.66;0.66;0.0;0.0
2019-07-14 19:02:00;151.18;183.0;47.4;4.25;0.87;0.87;0.66;0.66;0.0;0.0
2019-07-14 19:07:00;151.30;168.6;46.43;5.31;0.86;0.86;0.73;0.73;0.0;0.0
2019-07-14 19:09:00;151.35;170.1;46.09;5.24;0.86;0.86;0.74;0.74;0.0;0.0
2019-07-14 19:16:00;151.35;170.1;46.09;5.24;0.86;0.86;0.74;0.74;0.0;0.0
2019-07-14 19:20:00;151.47;170.2;46.13;5.07;0.87;0.87;0.75;0.75;0.0;0.0
2019-07-14 19:23:00;151.47;170.2;46.13;5.07;0.87;0.87;0.75;0.75;0.0;0.0
2019-07-14 19:25:00;151.47;170.2;46.13;5.07;0.87;0.87;0.75;0.75;0.0;0.0
2019-07-14 19:27:00;151.47;170.2;46.13;5.07;0.87;0.87;0.75;0.75;0.0;0.0
2019-07-14 19:31:00;151.60;170.4;46.53;4.85;0.87;0.87;0.71;0.71;0.0;0.0
2019-07-14 19:34:00;151.60;170.4;46.53;4.85;0.87;0.87;0.71;0.71;0.0;0.0
2019-07-14 19:56:00;151.84;161.8;46.15;5.05;0.87;0.87;0.76;0.76;0.0;0.0
2019-07-14 20:00:00;151.97;167.5;46.44;5.06;0.88;0.88;0.74;0.74;0.0;0.0
2019-07-14 20:11:00;152.09;170.4;46.61;4.91;0.88;0.88;0.72;0.72;0.0;0.0
2019-07-14 20:15:00;152.09;170.4;46.61;4.91;0.88;0.88;0.72;0.72;0.0;0.0
2019-07-14 20:18:00;152.20;168.8;46.66;4.93;0.88;0.88;0.71;0.71;0.0;0.0
2019-07-14 20:22:00;152.20;168.8;46.66;4.93;0.88;0.88;0.71;0.71;0.0;0.0
2019-07-14 20:26:00;152.20;168.8;46.66;4.93;0.88;0.88;0.71;0.71;0.0;0.0
2019-07-14 20:30:00;152.32;168.9;46.6;4.83;0.88;0.88;0.72;0.72;0.0;0.0
2019-07-14 20:36:00;152.32;168.9;46.6;4.83;0.88;0.88;0.72;0.72;0.0;0.0
2019-07-14 20:40:00;152.45;168.2;46.98;4.65;0.88;0.88;0.71;0.71;0.0;0.0
2019-07-14 20:46:00;152.45;168.2;46.98;4.65;0.88;0.88;0.71;0.71;0.0;0.0
2019-07-14 20:50:00;152.56;178.7;47.21;3.94;0.8;0.8;0.56;0.56;0.0;0.0
2019-07-14 20:54:00;152.56;178.7;47.21;3.94;0.8;0.8;0.56;0.56;0.0;0.0
2019-07-14 20:55:00;152.56;178.7;47.21;3.94;0.8;0.8;0.56;0.56;0.0;0.0
2019-07-14 20:57:00;152.56;178.7;47.21;3.94;0.8;0.8;0.56;0.56;0.0;0.0
2019-07-14 21:01:00;152.65;178.6;47.53;3.84;0.8;0.8;0.56;0.56;0.0;0.0
2019-07-15 19:10:00;152.75;181.8;47.07;3.96;0.9;0.9;0.69;0.69;0.0;0.0
2019-07-15 19:16:00;152.79;180.6;47.67;4.21;0.9;0.9;0.68;0.68;0.0;0.0
2019-07-15 19:20:00;152.79;180.6;47.67;4.21;0.9;0.9;0.68;0.68;0.0;0.0
2019-07-15 19:25:00;152.79;180.6;47.67;4.21;0.9;0.9;0.68;0.68;0.0;0.0
2019-07-15 19:26:00;152.90;158.1;44.47;5.03;0.86;0.86;0.7;0.7;0.0;0.0
2019-07-15 19:30:00;152.90;158.1;44.47;5.03;0.86;0.86;0.7;0.7;0.0;0.0
2019-07-15 19:35:00;152.90;158.1;44.47;5.03;0.86;0.86;0.7;0.7;0.0;0.0
2019-07-15 19:36:00;153.02;154.8;44.75;5.04;0.85;0.85;0.72;0.72;0.0;0.0
2019-07-15 19:40:00;153.02;154.8;44.75;5.04;0.85;0.85;0.72;0.72;0.0;0.0
2019-07-15 19:45:00;153.02;154.8;44.75;5.04;0.85;0.85;0.72;0.72;0.0;0.0
2019-07-15 19:46:00;153.13;166.6;46.11;4.75;0.87;0.87;0.72;0.72;0.0;0.0
2019-07-15 19:50:00;153.13;166.6;46.11;4.75;0.87;0.87;0.72;0.72;0.0;0.0
2019-07-15 19:55:00;153.13;166.6;46.11;4.75;0.87;0.87;0.72;0.72;0.0;0.0
2019-07-15 19:56:00;153.25;165.1;46.16;4.84;0.87;0.87;0.69;0.69;0.0;0.0
2019-07-15 20:00:00;153.25;165.1;46.16;4.84;0.87;0.87;0.69;0.69;0.0;0.0
2019-07-15 20:05:00;153.25;165.1;46.16;4.84;0.87;0.87;0.69;0.69;0.0;0.0
2019-07-15 20:06:00;153.36;170.3;46.92;4.13;0.8;0.8;0.58;0.58;0.0;0.0
2019-07-15 20:10:00;153.36;170.3;46.92;4.13;0.8;0.8;0.58;0.58;0.0;0.0
2019-07-15 20:11:00;153.36;170.3;46.92;4.13;0.8;0.8;0.58;0.58;0.0;0.0
2019-07-15 20:15:00;153.36;170.3;46.92;4.13;0.8;0.8;0.58;0.58;0.0;0.0
2019-07-15 20:16:00;153.46;170.2;47.01;4.2;0.82;0.82;0.6;0.6;0.0;0.0
2019-07-15 20:20:00;153.46;170.2;47.01;4.2;0.82;0.82;0.6;0.6;0.0;0.0
2019-07-15 20:25:00;153.46;170.2;47.01;4.2;0.82;0.82;0.6;0.6;0.0;0.0
2019-07-15 20:26:00;153.56;185.7;47.98;2.57;0.91;0.91;0.43;0.43;0.0;0.0
2019-07-15 20:30:00;153.56;185.7;47.98;2.57;0.91;0.91;0.43;0.43;0.0;0.0
2019-07-15 20:35:00;153.56;185.7;47.98;2.57;0.91;0.91;0.43;0.43;0.0;0.0
2019-07-16 15:36:00;153.61;179.9;47.45;3.94;0.87;0.87;0.61;0.61;0.0;0.0
2019-07-16 15:40:00;153.61;179.9;47.45;3.94;0.87;0.87;0.61;0.61;0.0;0.0
2019-07-16 15:45:00;153.61;179.9;47.45;3.94;0.87;0.87;0.61;0.61;0.0;0.0
2019-07-16 15:46:00;153.73;165.7;46.2;5.07;0.86;0.86;0.7;0.7;0.0;0.0
2019-07-16 15:50:00;153.73;165.7;46.2;5.07;0.86;0.86;0.7;0.7;0.0;0.0
2019-07-16 15:55:00;153.73;165.7;46.2;5.07;0.86;0.86;0.7;0.7;0.0;0.0
2019-07-16 15:56:00;153.84;172.8;46.61;4.75;0.86;0.86;0.67;0.67;0.0;0.0
2019-07-16 16:00:00;153.84;172.8;46.61;4.75;0.86;0.86;0.67;0.67;0.0;0.0
2019-07-16 16:05:00;153.84;172.8;46.61;4.75;0.86;0.86;0.67;0.67;0.0;0.0
2019-07-16 16:06:00;153.96;172.8;46.21;4.74;0.86;0.86;0.67;0.67;0.0;0.0
2019-07-16 16:10:00;153.96;172.8;46.21;4.74;0.86;0.86;0.67;0.67;0.0;0.0
2019-07-16 16:15:00;153.96;172.8;46.21;4.74;0.86;0.86;0.67;0.67;0.0;0.0
2019-07-16 16:16:00;154.07;161.1;46.02;4.74;0.86;0.86;0.65;0.65;0.0;0.0
2019-07-16 16:20:00;154.07;161.1;46.02;4.74;0.86;0.86;0.65;0.65;0.0;0.0
2019-07-16 16:25:00;154.07;161.1;46.02;4.74;0.86;0.86;0.65;0.65;0.0;0.0
2019-07-16 16:26:00;154.18;161.3;45.75;4.87;0.86;0.86;0.68;0.68;0.0;0.0
2019-07-16 16:30:00;154.18;161.3;45.75;4.87;0.86;0.86;0.68;0.68;0.0;0.0
2019-07-16 16:35:00;154.18;161.3;45.75;4.87;0.86;0.86;0.68;0.68;0.0;0.0
2019-07-16 16:36:00;154.30;161.6;46.0;4.89;0.86;0.86;0.69;0.69;0.0;0.0
2019-07-16 16:40:00;154.30;161.6;46.0;4.89;0.86;0.86;0.69;0.69;0.0;0.0
2019-07-16 16:45:00;154.30;161.6;46.0;4.89;0.86;0.86;0.69;0.69;0.0;0.0
2019-07-16 16:46:00;154.41;158.2;45.26;4.87;0.86;0.86;0.67;0.67;0.0;0.0
2019-07-16 16:50:00;154.41;158.2;45.26;4.87;0.86;0.86;0.67;0.67;0.0;0.0
2019-07-16 16:55:00;154.41;158.2;45.26;4.87;0.86;0.86;0.67;0.67;0.0;0.0
2019-07-16 16:56:00;154.52;160.6;45.5;4.87;0.87;0.87;0.7;0.7;0.0;0.0
2019-07-16 17:00:00;154.52;160.6;45.5;4.87;0.87;0.87;0.7;0.7;0.0;0.0
2019-07-16 18:22:00;155.51;155.2;45.57;5.28;0.87;0.87;0.72;0.72;0.0;0.0
2019-07-16 18:25:00;155.51;155.2;45.57;5.28;0.87;0.87;0.72;0.72;0.0;0.0
2019-07-16 18:30:00;155.63;166.8;46.55;4.68;0.86;0.86;0.66;0.66;0.0;0.0
2019-07-16 18:35:00;155.63;166.8;46.55;4.68;0.86;0.86;0.66;0.66;0.0;0.0
2019-07-16 18:40:00;155.74;160.3;45.53;4.89;0.86;0.86;0.7;0.7;0.0;0.0
2019-07-17 16:58:00;155.77;184.6;47.92;4.08;0.88;0.88;0.66;0.66;0.0;0.0
2019-07-17 17:00:00;155.77;184.6;47.92;4.08;0.88;0.88;0.66;0.66;0.0;0.0
2019-07-17 17:05:00;155.77;184.6;47.92;4.08;0.88;0.88;0.66;0.66;0.0;0.0
2019-07-17 17:10:00;155.89;174.8;47.09;4.6;0.87;0.87;0.65;0.65;0.0;0.0
2019-07-17 17:15:00;155.89;174.8;47.09;4.6;0.87;0.87;0.65;0.65;0.0;0.0
2019-07-17 17:20:00;156.00;167.3;46.46;4.88;0.86;0.86;0.7;0.7;0.0;0.0
2019-07-17 17:25:00;156.00;167.3;46.46;4.88;0.86;0.86;0.7;0.7;0.0;0.0
2019-07-17 17:27:00;156.11;153.7;45.63;5.57;0.86;0.86;0.73;0.73;0.0;0.0
2019-07-17 17:30:00;156.11;153.7;45.63;5.57;0.86;0.86;0.73;0.73;0.0;0.0
2019-07-17 17:35:00;156.11;153.7;45.63;5.57;0.86;0.86;0.73;0.73;0.0;0.0
2019-07-17 18:40:00;156.97;141.4;43.9;5.71;0.84;0.84;0.69;0.69;0.0;0.0
2019-07-19 10:30:00;156.97;187.6;47.91;2.83;0.79;0.79;0.42;0.42;0.0;0.0
2019-07-19 10:31:00;156.97;187.6;47.91;2.83;0.79;0.79;0.42;0.42;0.0;0.0
2019-07-19 10:35:00;156.97;187.6;47.91;2.83;0.79;0.79;0.42;0.42;0.0;0.0
2019-07-19 10:37:00;157.03;180.5;47.6;3.85;0.79;0.79;0.56;0.56;0.0;0.0
2019-07-19 10:40:00;157.03;180.5;47.6;3.85;0.79;0.79;0.56;0.56;0.0;0.0
2019-07-19 10:45:00;157.03;180.5;47.6;3.85;0.79;0.79;0.56;0.56;0.0;0.0
2019-07-19 10:50:00;157.12;181.1;47.45;3.74;0.79;0.79;0.54;0.54;0.0;0.0
2019-07-19 10:55:00;157.12;181.1;47.45;3.74;0.79;0.79;0.54;0.54;0.0;0.0
2019-07-19 10:59:00;157.21;180.9;47.51;3.86;0.79;0.79;0.54;0.54;0.0;0.0
2019-07-19 11:00:00;157.21;180.9;47.51;3.86;0.79;0.79;0.54;0.54;0.0;0.0
2019-07-19 11:05:00;157.21;180.9;47.51;3.86;0.79;0.79;0.54;0.54;0.0;0.0
2019-07-19 11:10:00;157.30;175.1;47.07;3.99;0.77;0.77;0.54;0.54;0.0;0.0
2019-07-19 11:15:00;157.30;175.1;47.07;3.99;0.77;0.77;0.54;0.54;0.0;0.0
2019-07-19 11:20:00;157.39;171.0;46.81;3.92;0.77;0.77;0.53;0.53;0.0;0.0
2019-07-19 11:25:00;157.39;171.0;46.81;3.92;0.77;0.77;0.53;0.53;0.0;0.0
2019-07-19 11:30:00;157.48;168.3;46.96;4.13;0.79;0.79;0.52;0.52;0.0;0.0
2019-07-19 11:35:00;157.48;168.3;46.96;4.13;0.79;0.79;0.52;0.52;0.0;0.0
2019-07-19 11:39:00;157.57;174.5;47.02;4.06;0.77;0.77;0.53;0.53;0.0;0.0
2019-07-19 11:40:00;157.57;174.5;47.02;4.06;0.77;0.77;0.53;0.53;0.0;0.0
2019-07-19 11:45:00;157.57;174.5;47.02;4.06;0.77;0.77;0.53;0.53;0.0;0.0
2019-07-19 11:49:00;157.65;172.9;47.01;4.22;0.77;0.77;0.54;0.54;0.0;0.0
2019-07-19 11:50:00;157.65;172.9;47.01;4.22;0.77;0.77;0.54;0.54;0.0;0.0
2019-07-19 11:55:00;157.65;172.9;47.01;4.22;0.77;0.77;0.54;0.54;0.0;0.0
2019-07-19 11:59:00;157.74;169.0;46.71;4.07;0.78;0.78;0.53;0.53;0.0;0.0
2019-07-19 12:00:00;157.74;169.0;46.71;4.07;0.78;0.78;0.53;0.53;0.0;0.0
2019-07-19 12:05:00;157.74;169.0;46.71;4.07;0.78;0.78;0.53;0.53;0.0;0.0
2019-07-19 12:10:00;157.84;173.6;46.94;4.04;0.77;0.77;0.55;0.55;0.0;0.0
2019-07-19 12:15:00;157.84;173.6;46.94;4.04;0.77;0.77;0.55;0.55;0.0;0.0
2019-07-19 12:20:00;157.93;168.3;46.27;4.09;0.76;0.76;0.53;0.53;0.0;0.0
2019-07-19 12:25:00;157.93;168.3;46.27;4.09;0.76;0.76;0.53;0.53;0.0;0.0
2019-07-19 12:30:00;158.02;169.2;46.68;4.13;0.76;0.76;0.54;0.54;0.0;0.0
2019-07-19 13:07:00;158.42;150.5;45.65;4.82;0.84;0.84;0.66;0.66;0.0;0.0
2019-07-19 13:10:00;158.42;150.5;45.65;4.82;0.84;0.84;0.66;0.66;0.0;0.0
2019-07-19 13:33:00;158.69;156.7;45.29;4.5;0.85;0.85;0.63;0.63;0.0;0.0
2019-07-19 13:35:00;158.69;156.7;45.29;4.5;0.85;0.85;0.63;0.63;0.0;0.0
2019-07-19 13:40:00;158.69;156.7;45.29;4.5;0.85;0.85;0.63;0.63;0.0;0.0
2019-07-19 13:44:00;158.79;159.9;45.79;4.42;0.85;0.85;0.63;0.63;0.0;0.0
2019-07-19 13:46:00;158.83;156.9;45.34;4.83;0.85;0.85;0.62;0.62;0.0;0.0
2019-07-19 13:50:00;158.83;156.9;45.34;4.83;0.85;0.85;0.62;0.62;0.0;0.0
2019-07-19 13:55:00;158.83;156.9;45.34;4.83;0.85;0.85;0.62;0.62;0.0;0.0
2019-07-19 13:58:00;158.94;153.9;44.93;4.73;0.84;0.84;0.64;0.64;0.0;0.0
2019-07-19 14:00:00;158.94;153.9;44.93;4.73;0.84;0.84;0.64;0.64;0.0;0.0
2019-07-19 14:05:00;158.99;150.0;44.82;4.95;0.86;0.86;0.61;0.61;0.0;0.0
2019-07-19 14:06:00;158.99;150.0;44.82;4.95;0.86;0.86;0.61;0.61;0.0;0.0
2019-07-19 14:10:00;158.99;150.0;44.82;4.95;0.86;0.86;0.61;0.61;0.0;0.0
2019-07-19 14:14:00;159.10;160.2;45.8;4.7;0.86;0.86;0.65;0.65;0.0;0.0
2019-07-19 14:15:00;159.10;160.2;45.8;4.7;0.86;0.86;0.65;0.65;0.0;0.0
2019-07-19 14:20:00;159.10;160.2;45.8;4.7;0.86;0.86;0.65;0.65;0.0;0.0
2019-07-19 14:25:00;159.21;158.9;45.56;4.76;0.85;0.85;0.65;0.65;0.0;0.0
2019-07-19 14:30:00;159.21;158.9;45.56;4.76;0.85;0.85;0.65;0.65;0.0;0.0
2019-07-19 14:50:00;159.46;177.0;47.82;4.31;0.88;0.88;0.63;0.63;0.0;0.0
2019-07-19 14:55:00;159.46;177.0;47.82;4.31;0.88;0.88;0.63;0.63;0.0;0.0
2019-07-19 15:35:00;160.01;162.4;46.77;4.97;0.85;0.85;0.71;0.71;0.0;0.0
2019-07-19 15:36:00;160.01;167.7;46.77;4.87;0.86;0.86;0.71;0.71;0.0;0.0
2019-07-19 15:40:00;160.01;167.7;46.77;4.87;0.86;0.86;0.71;0.71;0.0;0.0
2019-07-19 15:45:00;160.01;167.7;46.77;4.87;0.86;0.86;0.71;0.71;0.0;0.0
2019-07-19 15:46:00;160.13;165.1;46.41;4.91;0.86;0.86;0.69;0.69;0.0;0.0
2019-07-19 15:50:00;160.13;165.1;46.41;4.91;0.86;0.86;0.69;0.69;0.0;0.0
2019-07-19 15:55:00;160.13;165.1;46.41;4.91;0.86;0.86;0.69;0.69;0.0;0.0
2019-07-19 15:56:00;160.24;171.7;46.82;4.52;0.86;0.86;0.67;0.67;0.0;0.0
2019-07-19 16:00:00;160.24;171.7;46.82;4.52;0.86;0.86;0.67;0.67;0.0;0.0
2019-07-19 16:05:00;160.24;171.7;46.82;4.52;0.86;0.86;0.67;0.67;0.0;0.0
2019-07-19 16:06:00;160.35;176.7;47.11;4.3;0.86;0.86;0.67;0.67;0.0;0.0
2019-07-19 16:10:00;160.35;176.7;47.11;4.3;0.86;0.86;0.67;0.67;0.0;0.0
2019-07-19 16:15:00;160.35;176.7;47.11;4.3;0.86;0.86;0.67;0.67;0.0;0.0
2019-07-19 16:20:00;160.46;171.5;47.08;4.65;0.86;0.86;0.67;0.67;0.0;0.0
2019-07-19 16:25:00;160.46;171.5;47.08;4.65;0.86;0.86;0.67;0.67;0.0;0.0
2019-07-19 16:30:00;160.57;170.4;46.98;4.75;0.86;0.86;0.65;0.65;0.0;0.0
2019-07-19 16:35:00;160.57;170.4;46.98;4.75;0.86;0.86;0.65;0.65;0.0;0.0
2019-07-19 16:40:00;160.68;171.9;46.99;4.48;0.86;0.86;0.64;0.64;0.0;0.0
2019-07-19 16:45:00;160.68;171.9;46.99;4.48;0.86;0.86;0.64;0.64;0.0;0.0
2019-07-19 16:46:00;160.79;170.3;46.63;4.31;0.86;0.86;0.64;0.64;0.0;0.0
2019-07-19 16:50:00;160.79;170.3;46.63;4.31;0.86;0.86;0.64;0.64;0.0;0.0
2019-07-19 16:55:00;160.79;170.3;46.63;4.31;0.86;0.86;0.64;0.64;0.0;0.0
2019-07-19 16:56:00;160.90;173.6;47.08;4.51;0.86;0.86;0.63;0.63;0.0;0.0
2019-07-19 17:00:00;160.90;173.6;47.08;4.51;0.86;0.86;0.63;0.63;0.0;0.0
2019-07-19 17:05:00;160.90;173.6;47.08;4.51;0.86;0.86;0.63;0.63;0.0;0.0
2019-07-19 17:06:00;161.01;173.2;46.86;4.35;0.86;0.86;0.66;0.66;0.0;0.0
2019-07-19 17:10:00;161.01;173.2;46.86;4.35;0.86;0.86;0.66;0.66;0.0;0.0
2019-07-19 17:15:00;161.01;173.2;46.86;4.35;0.86;0.86;0.66;0.66;0.0;0.0
2019-07-19 17:16:00;161.12;166.7;46.52;4.97;0.86;0.86;0.7;0.7;0.0;0.0
2019-07-19 17:20:00;161.12;166.7;46.52;4.97;0.86;0.86;0.7;0.7;0.0;0.0
2019-07-19 17:25:00;161.12;166.7;46.52;4.97;0.86;0.86;0.7;0.7;0.0;0.0
2019-07-19 18:06:00;161.60;148.9;45.49;5.79;0.86;0.86;0.71;0.71;0.0;0.0
2019-07-19 18:07:00;161.72;154.5;45.7;5.49;0.86;0.86;0.72;0.72;0.0;0.0
2019-07-19 18:51:00;162.21;171.4;47.17;4.74;0.85;0.85;0.69;0.69;0.0;0.0
2019-07-19 18:55:00;162.21;171.4;47.17;4.74;0.85;0.85;0.69;0.69;0.0;0.0
2019-07-19 19:00:00;162.33;168.6;46.61;4.92;0.84;0.84;0.69;0.69;0.0;0.0
2019-07-19 19:05:00;162.33;168.6;46.61;4.92;0.84;0.84;0.69;0.69;0.0;0.0
2019-07-19 19:10:00;162.44;164.8;46.35;4.95;0.85;0.85;0.71;0.71;0.0;0.0
2019-07-19 19:15:00;162.44;164.8;46.35;4.95;0.85;0.85;0.71;0.71;0.0;0.0
2019-07-19 19:20:00;162.56;173.4;46.38;4.54;0.87;0.87;0.68;0.68;0.0;0.0
2019-07-19 19:25:00;162.56;173.4;46.38;4.54;0.87;0.87;0.68;0.68;0.0;0.0
2019-07-19 19:30:00;162.67;178.4;47.1;4.26;0.87;0.87;0.66;0.66;0.0;0.0
2019-07-19 19:35:00;162.67;178.4;47.1;4.26;0.87;0.87;0.66;0.66;0.0;0.0
2019-07-19 19:40:00;162.78;183.6;47.89;3.96;0.88;0.88;0.65;0.65;0.0;0.0
2019-07-19 19:45:00;162.78;183.6;47.89;3.96;0.88;0.88;0.65;0.65;0.0;0.0
2019-07-19 19:50:00;162.89;176.9;47.05;4.47;0.88;0.88;0.71;0.71;0.0;0.0
2019-07-19 19:55:00;162.89;176.9;47.05;4.47;0.88;0.88;0.71;0.71;0.0;0.0
2019-07-19 20:00:00;163.01;172.8;46.68;4.96;0.88;0.88;0.76;0.76;0.0;0.0
2019-07-20 16:41:00;163.04;176.9;47.6;3.65;0.87;0.87;0.57;0.57;0.0;0.0
2019-07-20 16:45:00;163.04;176.9;47.6;3.65;0.87;0.87;0.57;0.57;0.0;0.0
2019-07-21 10:15:00;163.11;180.0;47.48;4.23;0.88;0.88;0.62;0.62;0.0;0.0
2019-07-21 10:20:00;163.11;180.0;47.48;4.23;0.88;0.88;0.62;0.62;0.0;0.0
2019-07-21 10:25:00;163.23;163.3;46.51;5.05;0.87;0.87;0.71;0.71;0.0;0.0
2019-07-21 10:30:00;163.23;163.3;46.51;5.05;0.87;0.87;0.71;0.71;0.0;0.0
2019-07-21 10:35:00;163.35;156.6;46.08;5.4;0.87;0.87;0.73;0.73;0.0;0.0
2019-07-21 10:40:00;163.35;156.6;46.08;5.4;0.87;0.87;0.73;0.73;0.0;0.0
2019-07-21 10:45:00;163.47;161.9;46.24;5.25;0.86;0.86;0.7;0.7;0.0;0.0
2019-07-21 10:50:00;163.47;161.9;46.24;5.25;0.86;0.86;0.7;0.7;0.0;0.0
2019-07-21 10:54:00;163.59;165.3;46.34;5.15;0.87;0.87;0.7;0.7;0.0;0.0
2019-07-21 10:55:00;163.59;165.3;46.34;5.15;0.87;0.87;0.7;0.7;0.0;0.0
2019-07-21 11:00:00;163.59;165.3;46.34;5.15;0.87;0.87;0.7;0.7;0.0;0.0
2019-07-21 11:05:00;163.71;164.4;46.27;5.0;0.87;0.87;0.72;0.72;0.0;0.0
2019-07-21 11:09:00;163.72;164.3;45.73;5.23;0.86;0.86;0.69;0.69;0.0;0.0
2019-07-21 11:10:00;163.72;164.3;45.73;5.23;0.86;0.86;0.69;0.69;0.0;0.0
2019-07-21 11:15:00;163.72;164.3;45.73;5.23;0.86;0.86;0.69;0.69;0.0;0.0
2019-07-21 11:16:00;163.84;164.0;46.46;5.16;0.86;0.86;0.7;0.7;0.0;0.0
2019-07-21 11:20:00;163.84;164.0;46.46;5.16;0.86;0.86;0.7;0.7;0.0;0.0
2019-07-21 11:25:00;163.84;164.0;46.46;5.16;0.86;0.86;0.7;0.7;0.0;0.0
2019-07-21 11:26:00;163.96;162.2;46.33;4.96;0.86;0.86;0.7;0.7;0.0;0.0
2019-07-21 11:30:00;163.96;162.2;46.33;4.96;0.86;0.86;0.7;0.7;0.0;0.0
2019-07-21 11:48:00;164.24;153.3;44.71;6.08;0.86;0.86;0.76;0.76;0.0;0.0
2019-07-21 12:45:00;164.94;155.7;46.19;5.79;0.86;0.86;0.75;0.75;0.0;0.0
2019-07-21 12:51:00;164.98;157.5;45.99;5.2;0.86;0.86;0.76;0.76;0.0;0.0
2019-07-21 12:55:00;164.98;157.5;45.99;5.2;0.86;0.86;0.76;0.76;0.0;0.0
2019-07-21 13:35:00;165.53;153.2;45.53;5.3;0.86;0.86;0.73;0.73;0.0;0.0
2019-07-23 01:18:00;168.13;161.3;46.12;4.91;0.87;0.87;0.67;0.67;0.0;0.0
2019-07-23 01:20:00;168.13;161.3;46.12;4.91;0.87;0.87;0.67;0.67;0.0;0.0
2019-07-23 01:25:00;168.24;167.0;46.8;4.48;0.88;0.88;0.68;0.68;0.0;0.0
2019-07-23 01:30:00;168.24;167.0;46.8;4.48;0.88;0.88;0.68;0.68;0.0;0.0
2019-07-23 01:35:00;168.36;171.2;47.08;4.36;0.88;0.88;0.66;0.66;0.0;0.0
2019-07-23 01:40:00;168.36;171.2;47.08;4.36;0.88;0.88;0.66;0.66;0.0;0.0
2019-07-23 01:45:00;168.47;164.9;46.19;4.67;0.87;0.87;0.67;0.67;0.0;0.0
2019-07-23 01:50:00;168.47;164.9;46.19;4.67;0.87;0.87;0.67;0.67;0.0;0.0
2019-07-23 02:07:00;168.57;151.4;44.86;5.05;0.87;0.87;0.68;0.68;0.0;0.0
2019-07-25 03:17:00;169.81;178.3;47.32;3.71;0.89;0.89;0.59;0.59;0.0;0.0
2019-07-25 17:21:00;170.50;192.0;48.64;0.55;0.65;0.65;0.07;0.07;0.0;0.0
2019-07-25 17:25:00;170.50;192.0;48.64;0.55;0.65;0.65;0.07;0.07;0.0;0.0
2019-07-25 17:30:00;170.50;192.0;48.64;0.55;0.65;0.65;0.07;0.07;0.0;0.0
2019-07-25 17:35:00;170.59;177.9;46.94;4.32;0.89;0.89;0.69;0.69;0.0;0.0
2019-07-25 17:40:00;170.59;177.9;46.94;4.32;0.89;0.89;0.69;0.69;0.0;0.0
2019-07-25 17:45:00;170.70;179.1;46.32;4.2;0.9;0.9;0.68;0.68;0.0;0.0
2019-07-25 17:50:00;170.70;179.1;46.32;4.2;0.9;0.9;0.68;0.68;0.0;0.0
2019-07-25 17:55:00;170.81;178.1;46.93;4.18;0.9;0.9;0.66;0.66;0.0;0.0
2019-07-25 18:00:00;170.81;178.1;46.93;4.18;0.9;0.9;0.66;0.66;0.0;0.0
2019-07-25 18:05:00;170.93;178.3;46.6;4.54;0.89;0.89;0.72;0.72;0.0;0.0
2019-07-25 18:10:00;170.93;178.3;46.6;4.54;0.89;0.89;0.72;0.72;0.0;0.0
2019-07-25 18:15:00;171.05;177.0;47.06;4.36;0.89;0.89;0.67;0.67;0.0;0.0
2019-07-25 18:20:00;171.05;177.0;47.06;4.36;0.89;0.89;0.67;0.67;0.0;0.0
2019-07-25 18:24:00;171.16;175.0;46.94;4.51;0.89;0.89;0.69;0.69;0.0;0.0
2019-07-25 18:25:00;171.16;175.0;46.94;4.51;0.89;0.89;0.69;0.69;0.0;0.0
2019-07-25 18:30:00;171.16;175.0;46.94;4.51;0.89;0.89;0.69;0.69;0.0;0.0
2019-07-25 18:35:00;171.28;176.4;46.95;4.32;0.89;0.89;0.67;0.67;0.0;0.0
2019-07-25 18:40:00;171.28;176.4;46.95;4.32;0.89;0.89;0.67;0.67;0.0;0.0
2019-07-25 18:44:00;171.39;170.7;46.99;4.18;0.89;0.89;0.67;0.67;0.0;0.0
2019-07-25 18:50:00;171.39;170.7;46.99;4.18;0.89;0.89;0.67;0.67;0.0;0.0
2019-07-25 18:54:00;171.50;168.5;46.56;4.21;0.88;0.88;0.65;0.65;0.0;0.0
2019-07-25 18:55:00;171.50;168.5;46.56;4.21;0.88;0.88;0.65;0.65;0.0;0.0
2019-07-25 19:00:00;171.50;168.5;46.56;4.21;0.88;0.88;0.65;0.65;0.0;0.0
2019-07-25 19:04:00;171.61;165.7;46.07;4.62;0.88;0.88;0.64;0.64;0.0;0.0
2019-07-25 19:05:00;171.61;165.7;46.07;4.62;0.88;0.88;0.64;0.64;0.0;0.0
2019-07-25 19:10:00;171.61;165.7;46.07;4.62;0.88;0.88;0.64;0.64;0.0;0.0
2019-07-25 19:14:00;171.72;164.3;46.0;4.61;0.88;0.88;0.66;0.66;0.0;0.0
2019-07-25 19:15:00;171.72;164.3;46.0;4.61;0.88;0.88;0.66;0.66;0.0;0.0
2019-07-25 19:20:00;171.72;164.3;46.0;4.61;0.88;0.88;0.66;0.66;0.0;0.0
2019-07-25 19:24:00;171.83;154.8;45.27;4.71;0.87;0.87;0.68;0.68;0.0;0.0
2019-07-25 19:25:00;171.83;154.8;45.27;4.71;0.87;0.87;0.68;0.68;0.0;0.0
2019-07-25 19:30:00;171.83;154.8;45.27;4.71;0.87;0.87;0.68;0.68;0.0;0.0
2019-07-25 20:46:00;172.74;158.2;45.1;5.02;0.88;0.88;0.71;0.71;0.0;0.0
2019-07-25 20:52:00;172.88;164.1;45.4;4.81;0.88;0.88;0.67;0.67;0.0;0.0
2019-07-25 20:55:00;172.88;164.1;45.4;4.81;0.88;0.88;0.67;0.67;0.0;0.0
2019-07-25 21:00:00;172.88;164.1;45.4;4.81;0.88;0.88;0.67;0.67;0.0;0.0
2019-07-25 21:04:00;172.99;169.8;46.14;4.27;0.88;0.88;0.63;0.63;0.0;0.0
2019-07-25 21:05:00;172.99;169.8;46.14;4.27;0.88;0.88;0.63;0.63;0.0;0.0
2019-07-25 21:10:00;172.99;169.8;46.14;4.27;0.88;0.88;0.63;0.63;0.0;0.0
2019-07-25 21:14:00;173.10;161.8;44.98;4.64;0.88;0.88;0.66;0.66;0.0;0.0
2019-07-25 21:15:00;173.10;161.8;44.98;4.64;0.88;0.88;0.66;0.66;0.0;0.0
2019-07-25 21:20:00;173.10;161.8;44.98;4.64;0.88;0.88;0.66;0.66;0.0;0.0
2019-07-25 21:24:00;173.21;165.4;45.65;4.53;0.88;0.88;0.69;0.69;0.0;0.0
2019-07-25 21:25:00;173.21;165.4;45.65;4.53;0.88;0.88;0.69;0.69;0.0;0.0
2019-07-25 21:30:00;173.21;165.4;45.65;4.53;0.88;0.88;0.69;0.69;0.0;0.0
2019-07-25 21:34:00;173.32;166.3;45.56;4.47;0.88;0.88;0.65;0.65;0.0;0.0
2019-07-25 21:35:00;173.32;166.3;45.56;4.47;0.88;0.88;0.65;0.65;0.0;0.0
2019-07-25 21:40:00;173.32;166.3;45.56;4.47;0.88;0.88;0.65;0.65;0.0;0.0
2019-07-25 21:44:00;173.44;156.5;44.72;5.1;0.87;0.87;0.67;0.67;0.0;0.0
2019-07-26 16:01:00;173.45;204.2;48.99;0.0;1.0;1.0;0.0;0.0;0.0;0.0
2019-07-26 16:05:00;173.45;204.2;48.99;0.0;1.0;1.0;0.0;0.0;0.0;0.0
2019-07-26 21:35:00;173.56;157.9;45.23;5.53;0.85;0.85;0.71;0.71;0.0;0.0
2019-07-26 21:59:00;173.59;183.2;47.65;4.0;0.88;0.88;0.67;0.67;0.0;0.0
2019-07-26 22:00:00;173.59;183.2;47.65;4.0;0.88;0.88;0.67;0.67;0.0;0.0
2019-07-26 22:05:00;173.59;183.2;47.65;4.0;0.88;0.88;0.67;0.67;0.0;0.0
2019-07-27 15:41:00;173.65;177.7;47.31;4.38;0.89;0.89;0.63;0.63;0.0;0.0
2019-07-27 15:45:00;173.65;177.7;47.31;4.38;0.89;0.89;0.63;0.63;0.0;0.0
2019-07-27 15:50:00;173.65;177.7;47.31;4.38;0.89;0.89;0.63;0.63;0.0;0.0
2019-07-27 15:55:00;173.77;167.8;46.46;4.6;0.86;0.86;0.66;0.66;0.0;0.0
2019-07-28 01:19:00;173.86;190.5;47.68;4.57;0.9;0.9;0.66;0.66;0.0;0.0
2019-07-28 01:20:00;173.86;190.5;47.68;4.57;0.9;0.9;0.66;0.66;0.0;0.0
2019-07-28 01:25:00;173.86;190.5;47.68;4.57;0.9;0.9;0.66;0.66;0.0;0.0
2019-07-28 01:30:00;173.99;165.1;44.86;5.35;0.88;0.88;0.74;0.74;0.0;0.0
2019-07-28 01:35:00;173.99;165.1;44.86;5.35;0.88;0.88;0.74;0.74;0.0;0.0
2019-07-28 01:40:00;174.12;165.3;45.27;5.18;0.89;0.89;0.72;0.72;0.0;0.0
2019-07-29 17:18:00;174.28;189.0;47.91;3.26;0.88;0.88;0.54;0.54;0.0;0.0
2019-07-29 17:20:00;174.28;189.0;47.91;3.26;0.88;0.88;0.54;0.54;0.0;0.0
2019-07-29 17:25:00;174.28;189.0;47.91;3.26;0.88;0.88;0.54;0.54;0.0;0.0
2019-07-29 17:30:00;174.39;166.5;46.36;4.72;0.83;0.83;0.66;0.66;0.0;0.0
2019-07-29 20:50:00;176.88;168.6;46.66;4.49;0.86;0.86;0.64;0.64;0.0;0.0
2019-07-29 20:55:00;176.88;168.6;46.66;4.49;0.86;0.86;0.64;0.64;0.0;0.0
2019-07-29 20:59:00;176.99;167.3;46.08;4.55;0.86;0.86;0.66;0.66;0.0;0.0
2019-07-29 21:00:00;176.99;167.3;46.08;4.55;0.86;0.86;0.66;0.66;0.0;0.0
2019-07-29 21:05:00;176.99;167.3;46.08;4.55;0.86;0.86;0.66;0.66;0.0;0.0
2019-07-29 21:09:00;177.10;165.6;46.43;4.51;0.86;0.86;0.66;0.66;0.0;0.0
2019-07-29 21:10:00;177.10;165.6;46.43;4.51;0.86;0.86;0.66;0.66;0.0;0.0
2019-07-29 21:15:00;177.10;165.6;46.43;4.51;0.86;0.86;0.66;0.66;0.0;0.0
2019-07-29 22:14:00;177.79;154.7;45.24;5.4;0.86;0.86;0.68;0.68;0.0;0.0
2019-07-29 22:20:00;177.87;155.0;45.55;5.05;0.86;0.86;0.69;0.69;0.0;0.0
2019-07-29 22:54:00;178.31;153.5;45.02;5.15;0.87;0.87;0.71;0.71;0.0;0.0
2019-07-29 22:59:00;178.32;158.2;45.78;5.29;0.87;0.87;0.69;0.69;0.0;0.0
2019-07-30 00:40:00;179.54;195.4;49.33;0.0;1.0;1.0;0.0;0.0;0.0;0.0
2019-07-30 15:51:00;179.75;157.3;45.7;4.95;0.86;0.86;0.67;0.67;0.0;0.0
2019-07-30 16:56:00;180.45;156.2;44.96;5.05;0.84;0.84;0.65;0.65;0.0;0.0
2019-07-31 15:09:00;183.91;196.0;48.11;1.7;0.93;0.93;0.29;0.29;0.0;0.0
2019-07-31 15:10:00;183.91;196.0;48.11;1.7;0.93;0.93;0.29;0.29;0.0;0.0
2019-07-31 15:15:00;183.91;196.0;48.11;1.7;0.93;0.93;0.29;0.29;0.0;0.0
2019-07-31 15:20:00;184.02;166.6;46.18;4.98;0.87;0.87;0.7;0.7;0.0;0.0
2019-07-31 15:25:00;184.02;166.6;46.18;4.98;0.87;0.87;0.7;0.7;0.0;0.0
2019-07-31 15:30:00;184.14;168.8;46.58;4.8;0.88;0.88;0.69;0.69;0.0;0.0
2019-07-31 15:35:00;184.14;168.8;46.58;4.8;0.88;0.88;0.69;0.69;0.0;0.0
2019-07-31 15:40:00;184.25;165.1;46.66;4.67;0.88;0.88;0.68;0.68;0.0;0.0
2019-07-31 15:50:00;184.37;159.4;45.88;4.74;0.86;0.86;0.66;0.66;0.0;0.0
2019-08-01 15:27:00;190.09;184.9;47.31;3.32;0.89;0.89;0.54;0.54;0.0;0.0
2019-08-01 15:30:00;190.09;184.9;47.31;3.32;0.89;0.89;0.54;0.54;0.0;0.0
2019-08-01 15:35:00;190.09;184.9;47.31;3.32;0.89;0.89;0.54;0.54;0.0;0.0
2019-08-01 15:36:00;190.19;184.9;47.53;3.32;0.89;0.89;0.54;0.54;0.0;0.0
2019-08-01 15:40:00;190.19;181.1;47.53;3.94;0.88;0.88;0.6;0.6;0.0;0.0
2019-08-01 15:46:00;190.19;181.1;47.53;3.94;0.88;0.88;0.6;0.6;0.0;0.0
2019-08-01 15:50:00;190.30;179.0;47.05;3.92;0.86;0.86;0.6;0.6;0.0;0.0
2019-08-01 15:55:00;190.30;179.0;47.05;3.92;0.86;0.86;0.6;0.6;0.0;0.0
2019-08-01 16:00:00;190.40;180.4;47.25;3.86;0.88;0.88;0.6;0.6;0.0;0.0
2019-08-01 16:05:00;190.40;180.4;47.25;3.86;0.88;0.88;0.6;0.6;0.0;0.0
2019-08-01 16:06:00;190.50;180.4;47.18;3.86;0.88;0.88;0.62;0.62;0.0;0.0
2019-08-01 16:10:00;190.50;175.0;47.18;4.07;0.86;0.86;0.62;0.62;0.0;0.0
2019-08-01 16:15:00;190.50;175.0;47.18;4.07;0.86;0.86;0.62;0.62;0.0;0.0
2019-08-01 16:20:00;190.60;160.3;45.84;4.23;0.85;0.85;0.59;0.59;0.0;0.0
2019-08-01 16:25:00;190.60;160.3;45.84;4.23;0.85;0.85;0.59;0.59;0.0;0.0
2019-08-01 20:15:00;193.14;155.4;45.15;4.71;0.86;0.86;0.64;0.64;0.0;0.0
2019-08-01 20:19:00;193.25;165.4;45.62;4.15;0.86;0.86;0.59;0.59;0.0;0.0
2019-08-01 21:31:00;194.01;160.8;45.69;4.48;0.87;0.87;0.63;0.63;0.0;0.0
2019-08-01 21:35:00;194.01;160.8;45.69;4.48;0.87;0.87;0.63;0.63;0.0;0.0
2019-08-01 21:39:00;194.12;154.8;45.54;4.95;0.87;0.87;0.67;0.67;0.0;0.0
2019-08-02 01:13:00;196.50;154.3;45.0;4.79;0.87;0.87;0.64;0.64;0.0;0.0
2019-08-02 01:55:00;196.98;155.0;45.19;4.66;0.86;0.86;0.64;0.64;0.0;0.0
2019-08-02 15:41:00;197.01;192.2;47.8;1.9;0.9;0.9;0.34;0.34;0.0;0.0
2019-08-02 15:45:00;197.01;192.2;47.8;1.9;0.9;0.9;0.34;0.34;0.0;0.0
2019-08-02 15:50:00;197.01;192.2;47.8;1.9;0.9;0.9;0.34;0.34;0.0;0.0
2019-08-02 15:53:00;197.12;180.9;47.07;4.24;0.87;0.87;0.66;0.66;0.0;0.0
2019-08-02 15:55:00;197.12;180.9;47.07;4.24;0.87;0.87;0.66;0.66;0.0;0.0
2019-08-02 16:00:00;197.12;180.9;47.07;4.24;0.87;0.87;0.66;0.66;0.0;0.0
2019-08-02 16:03:00;197.22;178.0;47.12;4.21;0.88;0.88;0.63;0.63;0.0;0.0
2019-08-02 16:07:00;197.22;178.0;47.12;4.21;0.88;0.88;0.63;0.63;0.0;0.0
2019-08-02 16:10:00;197.22;178.0;47.12;4.21;0.88;0.88;0.63;0.63;0.0;0.0
2019-08-02 16:13:00;197.33;175.5;47.01;4.19;0.88;0.88;0.63;0.63;0.0;0.0
2019-08-02 16:15:00;197.33;175.5;47.01;4.19;0.88;0.88;0.63;0.63;0.0;0.0
2019-08-02 16:20:00;197.33;175.5;47.01;4.19;0.88;0.88;0.63;0.63;0.0;0.0
2019-08-02 16:22:00;197.44;170.7;46.97;4.79;0.86;0.86;0.67;0.67;0.0;0.0
2019-08-02 16:25:00;197.44;170.7;46.97;4.79;0.86;0.86;0.67;0.67;0.0;0.0
2019-08-02 16:27:00;197.44;170.7;46.97;4.79;0.86;0.86;0.67;0.67;0.0;0.0
2019-08-02 16:30:00;197.44;170.7;46.97;4.79;0.86;0.86;0.67;0.67;0.0;0.0
2019-08-02 16:33:00;197.55;171.6;46.51;4.45;0.88;0.88;0.66;0.66;0.0;0.0
2019-08-02 16:35:00;197.55;171.6;46.51;4.45;0.88;0.88;0.66;0.66;0.0;0.0
2019-08-02 16:37:00;197.55;171.6;46.51;4.45;0.88;0.88;0.66;0.66;0.0;0.0
2019-08-02 16:40:00;197.55;171.6;46.51;4.45;0.88;0.88;0.66;0.66;0.0;0.0
2019-08-02 16:43:00;197.67;167.0;46.1;4.5;0.87;0.87;0.68;0.68;0.0;0.0
2019-08-02 16:45:00;197.67;167.0;46.1;4.5;0.87;0.87;0.68;0.68;0.0;0.0
2019-08-02 16:48:00;197.67;167.0;46.1;4.5;0.87;0.87;0.68;0.68;0.0;0.0
2019-08-02 16:50:00;197.67;167.0;46.1;4.5;0.87;0.87;0.68;0.68;0.0;0.0
2019-08-02 16:53:00;197.78;170.5;46.93;4.62;0.88;0.88;0.69;0.69;0.0;0.0
2019-08-02 16:55:00;197.78;170.5;46.93;4.62;0.88;0.88;0.69;0.69;0.0;0.0
2019-08-02 17:00:00;197.78;170.5;46.93;4.62;0.88;0.88;0.69;0.69;0.0;0.0
2019-08-02 17:03:00;197.90;169.6;46.63;4.66;0.87;0.87;0.68;0.68;0.0;0.0
2019-08-02 17:04:00;197.90;169.6;46.63;4.66;0.87;0.87;0.68;0.68;0.0;0.0
2019-08-02 17:05:00;197.90;169.6;46.63;4.66;0.87;0.87;0.68;0.68;0.0;0.0
2019-08-02 17:10:00;197.90;169.6;46.63;4.66;0.87;0.87;0.68;0.68;0.0;0.0
2019-08-02 17:11:00;198.01;169.7;46.11;4.75;0.86;0.86;0.7;0.7;0.0;0.0
2019-08-02 17:15:00;198.01;169.7;46.11;4.75;0.86;0.86;0.7;0.7;0.0;0.0
2019-08-02 17:23:00;198.12;158.1;45.6;5.6;0.85;0.85;0.72;0.72;0.0;0.0
2019-08-02 17:37:00;198.33;150.6;45.11;5.49;0.87;0.87;0.75;0.75;0.0;0.0
2019-08-02 17:40:00;198.33;150.6;45.11;5.49;0.87;0.87;0.75;0.75;0.0;0.0
2019-08-02 17:45:00;198.33;150.6;45.11;5.49;0.87;0.87;0.75;0.75;0.0;0.0
2019-08-02 17:48:00;198.46;154.4;45.0;5.57;0.86;0.86;0.75;0.75;0.0;0.0
2019-08-02 17:50:00;198.46;154.4;45.0;5.57;0.86;0.86;0.75;0.75;0.0;0.0
2019-08-02 19:15:00;199.56;214.3;49.61;0.0;1.0;1.0;0.0;0.0;0.0;0.0
2019-08-04 00:53:00;199.74;146.9;43.67;5.94;0.06;0.06;0.77;0.77;0.0;0.0
2019-08-06 16:39:00;199.76;176.0;47.0;4.6;0.88;0.88;0.66;0.66;0.0;0.0
2019-08-06 16:41:00;199.76;176.0;47.0;4.6;0.88;0.88;0.66;0.66;0.0;0.0
2019-08-06 17:22:00;200.27;148.7;45.06;5.53;0.84;0.84;0.68;0.68;0.0;0.0
2019-08-09 19:53:00;202.46;179.8;47.13;3.98;0.83;0.83;0.58;0.58;0.0;0.0
2019-08-09 19:54:00;202.47;175.1;47.02;5.21;0.86;0.86;0.75;0.75;0.0;0.0
2019-08-09 19:58:00;202.52;169.7;45.6;5.03;0.86;0.86;0.72;0.72;0.0;0.0
2019-08-09 19:59:00;202.53;172.8;46.96;4.88;0.86;0.86;0.72;0.72;0.0;0.0
2019-08-09 20:06:00;202.61;171.1;45.7;4.04;0.84;0.84;0.6;0.6;0.0;0.0
2019-08-09 20:31:00;202.61;174.2;47.11;5.21;0.91;0.91;0.85;0.85;0.0;0.0
2019-08-09 20:33:00;202.65;167.4;46.05;5.24;0.9;0.9;0.82;0.82;0.0;0.0
2019-08-09 20:34:00;202.65;164.6;46.05;5.54;0.9;0.9;0.78;0.78;0.0;0.0
2019-08-09 20:35:00;202.67;162.6;45.92;5.23;0.89;0.89;0.77;0.77;0.0;0.0
2019-08-09 20:38:00;202.72;140.8;44.34;5.92;0.89;0.89;0.73;0.73;0.0;0.0
2019-08-09 20:43:00;202.77;144.1;43.53;5.79;0.88;0.88;0.71;0.71;0.0;0.0
2019-08-09 20:44:00;202.78;160.7;45.26;5.45;0.89;0.89;0.79;0.79;0.0;0.0
2019-08-09 20:45:00;202.79;159.9;45.42;5.56;0.9;0.9;0.75;0.75;0.0;0.0
2019-08-09 20:48:00;202.83;239.9;53.57;0.0;1.0;1.0;0.0;0.0;0.0;0.0
2019-08-10 21:39:00;202.83;177.8;46.97;4.23;0.86;0.86;0.62;0.62;0.0;0.0
2019-08-10 21:40:00;202.84;174.0;45.93;4.83;0.86;0.86;0.69;0.69;0.0;0.0
2019-08-10 21:43:00;202.89;173.9;46.65;5.14;0.86;0.86;0.77;0.77;0.0;0.0
2019-08-10 21:44:00;202.89;173.9;52.47;5.14;0.86;0.86;0.77;0.77;0.0;0.0
2019-08-10 21:45:00;202.90;227.1;52.47;0.0;1.0;1.0;0.0;0.0;0.0;0.0
2019-08-11 01:03:00;202.90;181.7;47.4;3.8;0.87;0.87;0.58;0.58;0.0;0.0
2019-08-11 01:04:00;202.92;158.8;45.02;6.3;0.91;0.91;0.81;0.81;0.0;0.0
2019-08-11 01:05:00;202.93;151.1;44.78;6.41;0.87;0.87;0.83;0.83;0.0;0.0
2019-08-11 03:01:00;204.40;165.5;45.9;5.01;0.88;0.88;0.73;0.73;0.0;0.0
2019-08-12 16:19:00;204.43;202.3;49.4;0.0;1.0;1.0;0.0;0.0;0.0;0.0
2019-08-12 16:20:00;204.43;156.2;45.6;5.7;0.82;0.82;0.72;0.72;0.0;0.0
2019-08-12 20:09:00;207.09;153.2;45.39;5.26;0.78;0.78;0.64;0.64;0.0;0.0
2019-08-12 20:10:00;207.10;158.2;46.33;5.13;0.78;0.78;0.63;0.63;0.0;0.0
2019-08-12 22:14:00;208.60;233.5;44.33;0.0;1.0;1.0;0.68;0.68;0.0;0.0
2019-08-12 22:15:00;208.60;231.2;54.61;0.0;1.0;1.0;0.0;0.0;0.0;0.0
2019-08-12 22:16:00;208.60;236.3;53.3;0.0;1.0;1.0;0.0;0.0;0.0;0.0
2019-08-13 02:33:00;210.77;172.8;52.47;4.5;1.0;1.0;0.64;0.64;0.0;0.0
2019-08-13 16:00:00;210.77;179.7;47.43;3.8;0.88;0.88;0.59;0.59;0.0;0.0
2019-08-13 16:01:00;210.78;183.1;47.45;3.99;0.78;0.78;0.58;0.58;0.0;0.0
2019-08-13 16:03:00;210.81;170.5;46.69;4.71;0.81;0.81;0.68;0.68;0.0;0.0
2019-08-13 16:08:00;210.86;174.7;46.26;4.93;0.81;0.81;0.68;0.68;0.0;0.0
2019-08-13 16:09:00;210.88;167.8;46.86;4.93;0.82;0.82;0.67;0.67;0.0;0.0
2019-08-13 16:13:00;210.92;165.9;46.75;4.75;0.81;0.81;0.66;0.66;0.0;0.0
2019-08-13 16:14:00;210.93;170.6;47.01;5.01;0.82;0.82;0.68;0.68;0.0;0.0
2019-08-13 16:18:00;210.98;165.5;46.49;5.47;0.84;0.84;0.74;0.74;0.0;0.0
2019-08-13 16:19:00;210.99;163.6;45.01;5.36;0.84;0.84;0.73;0.73;0.0;0.0
2019-08-13 16:23:00;211.04;164.5;46.82;5.36;0.83;0.83;0.71;0.71;0.0;0.0
2019-08-13 16:24:00;211.05;163.7;46.14;5.41;0.84;0.84;0.73;0.73;0.0;0.0
2019-08-13 16:28:00;211.10;162.2;46.62;5.16;0.84;0.84;0.74;0.74;0.0;0.0
2019-08-13 16:29:00;211.11;165.9;46.11;5.46;0.84;0.84;0.74;0.74;0.0;0.0
2019-08-13 16:33:00;211.16;165.7;45.84;5.14;0.82;0.82;0.71;0.71;0.0;0.0
2019-08-13 16:38:00;211.22;162.2;45.69;5.71;0.84;0.84;0.74;0.74;0.0;0.0
2019-08-13 16:39:00;211.23;166.5;46.06;5.09;0.84;0.84;0.72;0.72;0.0;0.0
2019-08-13 16:40:00;211.24;166.7;46.07;5.26;0.83;0.83;0.72;0.72;0.0;0.0
2019-08-13 16:43:00;211.29;171.1;46.23;4.95;0.84;0.84;0.71;0.71;0.0;0.0
2019-08-13 16:46:00;211.32;163.3;46.55;5.32;0.83;0.83;0.75;0.75;0.0;0.0
2019-08-13 16:48:00;211.34;158.2;46.44;5.42;0.83;0.83;0.78;0.78;0.0;0.0
2019-08-13 16:49:00;211.35;169.0;46.46;5.12;0.84;0.84;0.75;0.75;0.0;0.0
2019-08-13 16:50:00;211.35;169.0;46.46;5.12;0.84;0.84;0.75;0.75;0.0;0.0
2019-08-13 16:53:00;211.40;153.0;45.11;5.87;0.84;0.84;0.76;0.76;0.0;0.0
2019-08-13 17:00:00;211.49;159.0;45.09;5.97;0.84;0.84;0.78;0.78;0.0;0.0
2019-08-14 20:02:00;212.24;183.3;47.36;3.24;0.88;0.88;0.53;0.53;0.0;0.0
2019-08-14 20:03:00;212.26;164.5;45.4;5.03;0.87;0.87;0.73;0.73;0.0;0.0
2019-08-14 20:04:00;212.26;164.5;45.4;5.03;0.87;0.87;0.73;0.73;0.0;0.0
2019-08-14 20:05:00;212.27;163.6;45.63;5.08;0.87;0.87;0.71;0.71;0.0;0.0
2019-08-14 20:08:00;212.32;161.5;45.72;5.14;0.87;0.87;0.71;0.71;0.0;0.0
2019-08-14 20:09:00;212.32;161.5;46.43;5.14;0.87;0.87;0.71;0.71;0.0;0.0
2019-08-14 20:10:00;212.33;167.9;46.43;4.92;0.87;0.87;0.7;0.7;0.0;0.0
2019-08-14 20:13:00;212.38;152.2;45.83;5.44;0.86;0.86;0.75;0.75;0.0;0.0
2019-08-14 20:14:00;212.38;152.2;45.83;5.44;0.86;0.86;0.75;0.75;0.0;0.0
2019-08-14 20:15:00;212.39;157.3;45.83;5.39;0.86;0.86;0.72;0.72;0.0;0.0
2019-08-14 20:18:00;212.44;162.1;45.17;5.18;0.86;0.86;0.74;0.74;0.0;0.0
2019-08-14 23:54:00;215.07;155.5;45.55;5.14;0.86;0.86;0.69;0.69;0.0;0.0
2019-08-15 00:02:00;215.16;152.0;45.11;5.46;0.85;0.85;0.68;0.68;0.0;0.0
2019-08-15 01:48:00;216.37;157.9;44.91;4.96;0.86;0.86;0.72;0.72;0.0;0.0
2019-08-15 01:49:00;216.38;158.4;45.9;5.16;0.86;0.86;0.68;0.68;0.0;0.0
2019-08-15 02:37:00;216.95;161.7;46.19;5.05;0.87;0.87;0.71;0.71;0.0;0.0
2019-08-15 02:41:00;216.99;171.2;46.5;4.38;0.85;0.85;0.65;0.65;0.0;0.0
2019-08-15 02:43:00;217.01;168.0;46.63;4.39;0.85;0.85;0.64;0.64;0.0;0.0
2019-08-15 02:44:00;217.02;172.7;46.63;4.58;0.85;0.85;0.64;0.64;0.0;0.0
2019-08-15 02:45:00;217.02;172.7;46.63;4.58;0.85;0.85;0.64;0.64;0.0;0.0
2019-08-15 02:48:00;217.07;167.6;45.25;4.8;0.85;0.85;0.69;0.69;0.0;0.0
2019-08-15 02:49:00;217.08;160.3;45.86;4.97;0.84;0.84;0.67;0.67;0.0;0.0
2019-08-15 02:50:00;217.09;162.5;45.93;4.74;0.84;0.84;0.68;0.68;0.0;0.0
2019-08-15 02:55:00;217.15;164.7;46.18;4.57;0.85;0.85;0.65;0.65;0.0;0.0
2019-08-15 02:56:00;217.16;171.1;45.82;4.26;0.86;0.86;0.67;0.67;0.0;0.0
2019-08-15 02:58:00;217.18;166.5;45.96;4.78;0.84;0.84;0.68;0.68;0.0;0.0
2019-08-15 02:59:00;217.19;162.2;46.72;4.74;0.84;0.84;0.67;0.67;0.0;0.0
2019-08-15 03:00:00;217.19;162.2;46.72;4.74;0.84;0.84;0.67;0.67;0.0;0.0
2019-08-15 03:03:00;217.24;162.2;45.15;5.28;0.84;0.84;0.72;0.72;0.0;0.0
2019-08-15 03:04:00;217.25;151.3;45.24;5.55;0.84;0.84;0.72;0.72;0.0;0.0
2019-08-15 03:42:00;217.69;152.6;45.1;5.38;0.85;0.85;0.71;0.71;0.0;0.0
2019-08-15 03:50:00;217.78;174.4;47.31;3.99;0.85;0.85;0.62;0.62;0.0;0.0
2019-08-15 03:51:00;217.79;173.9;47.08;3.98;0.85;0.85;0.59;0.59;0.0;0.0
2019-08-15 03:53:00;217.81;170.9;46.93;3.99;0.85;0.85;0.6;0.6;0.0;0.0
2019-08-15 03:54:00;217.82;174.5;46.89;3.96;0.85;0.85;0.6;0.6;0.0;0.0
2019-08-15 03:55:00;217.83;174.7;47.07;4.04;0.85;0.85;0.58;0.58;0.0;0.0
2019-08-15 03:58:00;217.86;168.2;46.09;4.48;0.86;0.86;0.65;0.65;0.0;0.0
2019-08-15 17:27:00;217.88;178.2;47.15;4.71;0.86;0.86;0.67;0.67;0.0;0.0
2019-08-15 17:28:00;217.90;152.5;45.54;5.89;0.85;0.85;0.75;0.75;0.0;0.0
2019-08-15 17:32:00;217.94;150.7;44.5;5.71;0.85;0.85;0.76;0.76;0.0;0.0
2019-08-15 17:33:00;217.96;152.0;44.35;5.47;0.84;0.84;0.72;0.72;0.0;0.0
2019-08-15 17:34:00;217.96;152.0;44.35;5.47;0.84;0.84;0.72;0.72;0.0;0.0
2019-08-15 17:35:00;217.98;154.0;44.89;5.54;0.84;0.84;0.72;0.72;0.0;0.0
2019-08-15 17:38:00;218.02;153.2;44.38;5.64;0.84;0.84;0.72;0.72;0.0;0.0
2019-08-15 17:53:00;218.20;151.8;45.34;5.47;0.85;0.85;0.7;0.7;0.0;0.0
2019-08-15 19:25:00;219.26;167.4;45.99;4.58;0.86;0.86;0.67;0.67;0.0;0.0
2019-08-15 19:26:00;219.27;169.1;45.65;4.46;0.86;0.86;0.66;0.66;0.0;0.0
2019-08-15 19:28:00;219.30;167.8;46.0;4.71;0.86;0.86;0.65;0.65;0.0;0.0
2019-08-15 19:29:00;219.30;167.8;46.0;4.71;0.86;0.86;0.65;0.65;0.0;0.0
2019-08-15 19:33:00;219.36;157.7;44.96;5.44;0.86;0.86;0.7;0.7;0.0;0.0
2019-08-15 20:09:00;219.78;162.6;45.58;5.41;0.86;0.86;0.72;0.72;0.0;0.0
2019-08-15 20:45:00;220.20;158.6;45.56;5.01;0.86;0.86;0.68;0.68;0.0;0.0
2019-08-15 21:04:00;220.43;154.7;45.41;5.5;0.86;0.86;0.68;0.68;0.0;0.0
2019-08-15 21:06:00;220.45;157.7;44.89;5.38;0.86;0.86;0.69;0.69;0.0;0.0
2019-08-15 21:08:00;220.48;152.9;45.56;5.4;0.86;0.86;0.71;0.71;0.0;0.0
2019-08-15 22:54:00;221.70;172.8;47.36;3.2;0.88;0.88;0.43;0.43;0.0;0.0
2019-08-15 22:58:00;221.71;189.5;48.23;2.46;0.9;0.9;0.43;0.43;0.0;0.0
2019-08-15 22:59:00;221.71;178.4;47.33;2.97;0.89;0.89;0.49;0.49;0.0;0.0
2019-08-15 23:00:00;221.72;174.1;46.88;4.08;0.87;0.87;0.58;0.58;0.0;0.0
2019-08-15 23:03:00;221.76;176.6;46.15;3.84;0.84;0.84;0.54;0.54;0.0;0.0
2019-08-15 23:04:00;221.76;176.6;46.15;3.84;0.84;0.84;0.54;0.54;0.0;0.0
2019-08-15 23:05:00;221.77;174.4;46.42;3.85;0.85;0.85;0.57;0.57;0.0;0.0
2019-08-15 23:08:00;221.81;160.8;45.96;4.33;0.83;0.83;0.58;0.58;0.0;0.0
2019-08-15 23:09:00;221.81;160.8;45.96;4.53;0.82;0.82;0.58;0.58;0.0;0.0
2019-08-15 23:10:00;221.82;163.1;45.41;4.48;0.84;0.84;0.62;0.62;0.0;0.0
2019-08-15 23:13:00;221.86;162.7;45.58;4.35;0.83;0.83;0.6;0.6;0.0;0.0
2019-08-15 23:14:00;221.86;162.7;45.58;4.35;0.83;0.83;0.6;0.6;0.0;0.0
2019-08-15 23:15:00;221.87;160.0;45.8;4.38;0.83;0.83;0.59;0.59;0.0;0.0
2019-08-15 23:18:00;221.91;166.3;45.54;4.2;0.82;0.82;0.58;0.58;0.0;0.0
2019-08-15 23:19:00;221.91;166.3;45.54;4.2;0.82;0.82;0.58;0.58;0.0;0.0
2019-08-15 23:20:00;221.92;163.9;45.89;4.22;0.83;0.83;0.59;0.59;0.0;0.0
2019-08-15 23:23:00;221.96;164.9;46.37;4.39;0.83;0.83;0.6;0.6;0.0;0.0
2019-08-15 23:24:00;221.96;164.9;46.37;4.39;0.83;0.83;0.6;0.6;0.0;0.0
2019-08-15 23:25:00;221.97;171.3;46.11;4.19;0.83;0.83;0.57;0.57;0.0;0.0
2019-08-15 23:28:00;222.00;167.2;46.6;4.12;0.82;0.82;0.57;0.57;0.0;0.0
2019-08-15 23:29:00;222.00;167.2;46.6;4.12;0.82;0.82;0.57;0.57;0.0;0.0
2019-08-15 23:30:00;222.01;163.5;46.12;4.28;0.82;0.82;0.58;0.58;0.0;0.0
2019-08-15 23:33:00;222.05;159.6;45.52;4.47;0.82;0.82;0.59;0.59;0.0;0.0
2019-08-15 23:34:00;222.05;159.6;45.52;4.47;0.82;0.82;0.59;0.59;0.0;0.0
2019-08-16 00:28:00;222.61;173.8;46.2;4.01;0.87;0.87;0.6;0.6;0.0;0.0
2019-08-16 00:29:00;222.62;170.7;45.61;4.36;0.87;0.87;0.64;0.64;0.0;0.0
2019-08-16 00:33:00;222.66;170.6;46.33;4.27;0.86;0.86;0.61;0.61;0.0;0.0
2019-08-16 00:34:00;222.67;172.3;45.95;4.17;0.86;0.86;0.59;0.59;0.0;0.0
2019-08-16 00:38:00;222.71;169.8;45.73;4.21;0.86;0.86;0.62;0.62;0.0;0.0
2019-08-16 00:43:00;222.76;168.8;45.44;4.18;0.86;0.86;0.62;0.62;0.0;0.0
2019-08-16 00:44:00;222.77;173.2;45.7;4.09;0.84;0.84;0.61;0.61;0.0;0.0
2019-08-16 00:48:00;222.81;169.2;46.08;4.36;0.86;0.86;0.63;0.63;0.0;0.0
2019-08-16 00:53:00;222.86;168.2;45.96;4.32;0.86;0.86;0.61;0.61;0.0;0.0
2019-08-16 00:54:00;222.88;171.7;45.52;4.28;0.86;0.86;0.63;0.63;0.0;0.0
2019-08-16 00:58:00;222.92;170.2;45.67;4.42;0.86;0.86;0.63;0.63;0.0;0.0
2019-08-16 00:59:00;222.93;169.8;46.05;4.31;0.86;0.86;0.62;0.62;0.0;0.0
2019-08-16 01:03:00;222.97;166.5;45.62;4.31;0.86;0.86;0.65;0.65;0.0;0.0
2019-08-16 01:04:00;222.98;166.2;45.15;4.31;0.86;0.86;0.64;0.64;0.0;0.0
2019-08-16 01:08:00;223.02;169.3;45.89;4.13;0.86;0.86;0.61;0.61;0.0;0.0
2019-08-16 01:09:00;223.03;168.4;45.56;4.42;0.86;0.86;0.63;0.63;0.0;0.0
2019-08-16 01:10:00;223.04;170.5;46.21;4.19;0.86;0.86;0.62;0.62;0.0;0.0
2019-08-16 01:13:00;223.07;165.3;45.91;4.18;0.86;0.86;0.63;0.63;0.0;0.0
2019-08-16 01:18:00;223.13;169.1;46.58;4.34;0.86;0.86;0.63;0.63;0.0;0.0
2019-08-16 01:23:00;223.18;170.8;46.22;4.31;0.86;0.86;0.64;0.64;0.0;0.0
2019-08-16 01:28:00;223.23;173.5;46.65;4.08;0.87;0.87;0.6;0.6;0.0;0.0
2019-08-16 01:29:00;223.24;174.1;46.09;4.08;0.86;0.86;0.6;0.6;0.0;0.0
2019-08-16 01:33:00;223.28;172.6;46.38;4.15;0.87;0.87;0.62;0.62;0.0;0.0
2019-08-16 01:38:00;223.33;177.1;46.69;4.02;0.87;0.87;0.6;0.6;0.0;0.0
2019-08-16 01:39:00;223.34;175.0;46.45;4.07;0.87;0.87;0.61;0.61;0.0;0.0
2019-08-16 01:43:00;223.38;173.8;46.56;3.93;0.87;0.87;0.61;0.61;0.0;0.0
2019-08-16 01:44:00;223.39;170.6;46.28;3.97;0.87;0.87;0.62;0.62;0.0;0.0
2019-08-16 01:48:00;223.44;175.3;46.75;4.05;0.85;0.85;0.59;0.59;0.0;0.0
2019-08-16 01:49:00;223.45;176.7;46.91;4.12;0.87;0.87;0.64;0.64;0.0;0.0
2019-08-16 01:53:00;223.49;171.0;46.76;4.13;0.88;0.88;0.64;0.64;0.0;0.0
2019-08-16 01:54:00;223.50;179.0;46.95;4.03;0.88;0.88;0.63;0.63;0.0;0.0
2019-08-16 01:58:00;223.54;176.8;46.66;3.91;0.87;0.87;0.61;0.61;0.0;0.0
2019-08-16 02:03:00;223.59;173.9;47.0;3.94;0.87;0.87;0.61;0.61;0.0;0.0
2019-08-16 02:04:00;223.60;177.0;46.57;3.93;0.87;0.87;0.61;0.61;0.0;0.0
2019-08-16 02:05:00;223.61;179.6;47.21;3.96;0.88;0.88;0.62;0.62;0.0;0.0
2019-08-16 02:08:00;223.64;169.3;46.86;4.14;0.87;0.87;0.63;0.63;0.0;0.0
2019-08-16 02:09:00;223.65;179.1;46.68;4.11;0.88;0.88;0.63;0.63;0.0;0.0
2019-08-16 02:13:00;223.70;176.6;46.42;4.31;0.87;0.87;0.62;0.62;0.0;0.0
2019-08-16 02:14:00;223.71;176.4;46.6;3.9;0.87;0.87;0.61;0.61;0.0;0.0
2019-08-16 02:18:00;223.75;178.4;46.56;4.04;0.87;0.87;0.61;0.61;0.0;0.0
2019-08-16 02:19:00;223.76;163.9;46.56;4.53;0.87;0.87;0.69;0.69;0.0;0.0
2019-08-16 02:23:00;223.80;168.9;46.41;4.41;0.87;0.87;0.69;0.69;0.0;0.0
2019-08-16 02:28:00;223.86;170.9;46.21;4.72;0.87;0.87;0.68;0.68;0.0;0.0
2019-08-16 02:29:00;223.87;172.3;46.33;4.73;0.87;0.87;0.68;0.68;0.0;0.0
2019-08-16 02:33:00;223.92;168.0;45.97;4.58;0.87;0.87;0.68;0.68;0.0;0.0
2019-08-16 02:34:00;223.93;171.9;46.1;4.97;0.87;0.87;0.66;0.66;0.0;0.0
2019-08-16 02:35:00;223.94;171.2;46.21;4.5;0.87;0.87;0.69;0.69;0.0;0.0
2019-08-16 02:38:00;223.97;167.7;45.87;4.5;0.87;0.87;0.69;0.69;0.0;0.0
2019-08-16 02:39:00;223.99;167.9;46.29;4.5;0.87;0.87;0.69;0.69;0.0;0.0
2019-08-16 02:43:00;224.03;171.5;46.18;4.43;0.87;0.87;0.69;0.69;0.0;0.0
2019-08-16 02:44:00;224.04;169.7;46.09;4.55;0.87;0.87;0.67;0.67;0.0;0.0
2019-08-16 02:48:00;224.09;170.1;46.33;4.66;0.86;0.86;0.66;0.66;0.0;0.0
2019-08-16 02:49:00;224.10;170.7;46.16;4.7;0.87;0.87;0.67;0.67;0.0;0.0
2019-08-16 02:53:00;224.14;166.4;46.33;4.58;0.87;0.87;0.68;0.68;0.0;0.0
2019-08-16 02:54:00;224.15;169.7;46.56;4.54;0.87;0.87;0.67;0.67;0.0;0.0
2019-08-16 02:58:00;224.20;172.6;46.47;4.42;0.87;0.87;0.65;0.65;0.0;0.0
2019-08-16 02:59:00;224.21;173.5;46.44;4.61;0.88;0.88;0.67;0.67;0.0;0.0
2019-08-16 03:03:00;224.25;176.2;47.02;4.33;0.87;0.87;0.63;0.63;0.0;0.0
2019-08-16 03:04:00;224.26;173.7;46.61;4.34;0.87;0.87;0.64;0.64;0.0;0.0
2019-08-16 03:08:00;224.31;178.2;46.88;4.06;0.87;0.87;0.63;0.63;0.0;0.0
2019-08-16 03:09:00;224.32;175.3;46.33;4.15;0.87;0.87;0.6;0.6;0.0;0.0
2019-08-16 03:13:00;224.36;175.5;47.13;3.84;0.87;0.87;0.59;0.59;0.0;0.0
2019-08-16 03:14:00;224.37;174.6;46.35;4.12;0.87;0.87;0.64;0.64;0.0;0.0
2019-08-16 03:15:00;224.37;174.6;46.35;4.12;0.87;0.87;0.64;0.64;0.0;0.0
2019-08-16 03:18:00;224.41;173.5;46.67;4.05;0.85;0.85;0.63;0.63;0.0;0.0
2019-08-16 03:19:00;224.42;176.9;46.42;3.99;0.88;0.88;0.66;0.66;0.0;0.0
2019-08-16 03:23:00;224.47;175.9;46.81;4.13;0.86;0.86;0.63;0.63;0.0;0.0
2019-08-16 03:24:00;224.48;176.8;46.83;4.11;0.86;0.86;0.62;0.62;0.0;0.0
2019-08-16 03:28:00;224.52;178.4;46.83;3.96;0.88;0.88;0.62;0.62;0.0;0.0
2019-08-16 03:29:00;224.53;175.7;46.81;4.09;0.88;0.88;0.63;0.63;0.0;0.0
2019-08-16 03:30:00;224.53;175.7;46.81;4.09;0.88;0.88;0.63;0.63;0.0;0.0
2019-08-16 03:33:00;224.57;177.4;46.59;3.86;0.87;0.87;0.59;0.59;0.0;0.0
2019-08-16 03:34:00;224.58;185.7;46.79;3.86;0.87;0.87;0.52;0.52;0.0;0.0
2019-08-16 03:38:00;224.60;200.0;49.2;0.79;0.88;0.88;0.14;0.14;0.0;0.0
2019-08-17 21:08:00;224.68;177.8;46.56;4.81;0.89;0.89;0.74;0.74;0.0;0.0
2019-08-17 21:14:00;224.74;154.9;44.11;5.19;0.86;0.86;0.7;0.7;0.0;0.0
2019-08-17 21:15:00;224.75;158.9;45.54;5.37;0.87;0.87;0.72;0.72;0.0;0.0
2019-08-17 21:16:00;224.76;157.6;44.9;5.46;0.86;0.86;0.76;0.76;0.0;0.0
2019-08-18 02:32:00;228.43;226.3;46.04;0.0;1.0;1.0;0.71;0.71;0.0;0.0
2019-08-19 17:36:00;228.44;191.4;47.9;2.25;0.88;0.88;0.41;0.41;0.0;0.0
2019-08-19 17:38:00;228.46;178.6;46.7;4.23;0.82;0.82;0.6;0.6;0.0;0.0
2019-08-19 17:39:00;228.46;178.6;46.7;4.23;0.82;0.82;0.6;0.6;0.0;0.0
2019-08-19 17:43:00;228.52;168.5;46.4;5.36;0.8;0.8;0.71;0.71;0.0;0.0
2019-08-19 17:44:00;228.52;168.5;46.4;5.36;0.8;0.8;0.71;0.71;0.0;0.0
2019-08-19 17:45:00;228.53;165.6;45.71;5.2;0.79;0.79;0.67;0.67;0.0;0.0
2019-08-19 17:46:00;228.54;168.7;45.87;5.16;0.8;0.8;0.7;0.7;0.0;0.0
2019-08-19 18:05:00;228.78;159.4;46.36;5.86;0.79;0.79;0.73;0.73;0.0;0.0
2019-08-19 18:11:00;228.86;157.9;46.22;5.33;0.8;0.8;0.69;0.69;0.0;0.0
2019-08-19 18:39:00;229.17;160.9;46.03;5.31;0.79;0.79;0.66;0.66;0.0;0.0
2019-08-19 18:55:00;229.34;157.5;45.39;5.43;0.8;0.8;0.68;0.68;0.0;0.0
2019-08-19 18:56:00;229.35;162.7;45.94;5.17;0.8;0.8;0.67;0.67;0.0;0.0
2019-08-19 18:58:00;229.38;159.1;44.65;5.03;0.79;0.79;0.64;0.64;0.0;0.0
2019-08-19 19:06:00;229.47;155.6;45.29;5.12;0.79;0.79;0.64;0.64;0.0;0.0
2019-08-19 23:38:00;232.40;158.5;45.17;4.78;0.82;0.82;0.66;0.66;0.0;0.0
2019-08-20 00:01:00;232.64;148.4;44.77;5.07;0.82;0.82;0.62;0.62;0.0;0.0
2019-08-20 01:02:00;233.30;137.2;44.0;5.49;0.83;0.83;0.65;0.65;0.0;0.0
2019-08-20 01:03:00;233.31;223.6;51.75;0.0;1.0;1.0;0.0;0.0;0.0;0.0
2019-08-20 01:13:00;233.31;165.0;46.25;4.76;0.85;0.85;0.65;0.65;0.0;0.0
2019-08-20 01:14:00;233.32;161.4;45.55;4.56;0.86;0.86;0.64;0.64;0.0;0.0
2019-08-20 02:53:00;234.52;160.1;45.32;4.98;0.85;0.85;0.67;0.67;0.0;0.0
2019-08-20 03:03:00;234.63;168.7;46.15;4.39;0.85;0.85;0.63;0.63;0.0;0.0
2019-08-20 03:04:00;234.64;170.8;46.16;4.55;0.84;0.84;0.65;0.65;0.0;0.0
2019-08-20 03:05:00;234.65;169.6;46.3;4.4;0.84;0.84;0.63;0.63;0.0;0.0
2019-08-20 03:08:00;234.69;171.0;46.2;4.38;0.84;0.84;0.6;0.6;0.0;0.0
2019-08-20 03:09:00;234.69;169.1;46.2;4.52;0.85;0.85;0.6;0.6;0.0;0.0
2019-08-20 03:10:00;234.70;170.6;45.74;4.06;0.86;0.86;0.62;0.62;0.0;0.0
2019-08-20 03:13:00;234.74;174.7;47.11;3.68;0.87;0.87;0.58;0.58;0.0;0.0
2019-08-20 03:14:00;234.74;180.2;47.11;3.73;0.87;0.87;0.58;0.58;0.0;0.0
2019-08-20 03:15:00;234.75;180.3;47.06;3.78;0.87;0.87;0.6;0.6;0.0;0.0
2019-08-20 03:16:00;234.76;181.4;46.82;3.82;0.87;0.87;0.58;0.58;0.0;0.0
2019-08-20 03:18:00;234.79;173.8;46.55;3.87;0.91;0.91;0.58;0.58;0.0;0.0
2019-08-20 03:19:00;234.79;175.4;46.55;3.85;0.87;0.87;0.58;0.58;0.0;0.0
2019-08-20 03:20:00;234.80;180.0;47.14;3.67;0.86;0.86;0.61;0.61;0.0;0.0
2019-08-20 03:21:00;234.81;178.6;47.09;3.71;0.87;0.87;0.58;0.58;0.0;0.0
2019-08-20 03:23:00;234.84;178.2;46.6;3.94;0.86;0.86;0.58;0.58;0.0;0.0
2019-08-20 03:24:00;234.84;178.7;47.15;3.93;0.85;0.85;0.58;0.58;0.0;0.0
2019-08-20 03:25:00;234.85;182.1;47.15;3.83;0.87;0.87;0.57;0.57;0.0;0.0
2019-08-20 03:26:00;234.86;183.6;47.27;3.96;0.87;0.87;0.59;0.59;0.0;0.0
2019-08-20 03:28:00;234.89;180.2;47.09;3.75;0.87;0.87;0.59;0.59;0.0;0.0
2019-08-20 03:29:00;234.89;180.1;47.09;3.67;0.87;0.87;0.6;0.6;0.0;0.0
2019-08-20 03:30:00;234.90;178.3;46.56;3.67;0.87;0.87;0.58;0.58;0.0;0.0
2019-08-20 03:33:00;234.94;178.8;47.41;3.63;0.87;0.87;0.57;0.57;0.0;0.0
2019-08-20 03:34:00;234.94;180.6;47.41;3.55;0.87;0.87;0.56;0.56;0.0;0.0
2019-08-20 03:35:00;234.95;180.8;46.78;3.62;0.87;0.87;0.57;0.57;0.0;0.0
2019-08-20 03:36:00;234.96;181.9;47.38;3.61;0.87;0.87;0.57;0.57;0.0;0.0
2019-08-20 03:38:00;234.99;177.3;47.18;3.69;0.87;0.87;0.57;0.57;0.0;0.0
2019-08-20 03:39:00;234.99;176.1;47.18;3.8;0.87;0.87;0.58;0.58;0.0;0.0
2019-08-20 03:40:00;234.99;181.3;47.08;3.76;0.87;0.87;0.58;0.58;0.0;0.0
2019-08-20 03:43:00;235.03;180.5;47.37;3.78;0.87;0.87;0.58;0.58;0.0;0.0
2019-08-20 03:44:00;235.03;180.1;47.37;3.71;0.87;0.87;0.58;0.58;0.0;0.0
2019-08-20 03:45:00;235.04;176.9;47.2;3.68;0.85;0.85;0.57;0.57;0.0;0.0
2019-08-20 03:48:00;235.08;178.3;47.27;3.7;0.87;0.87;0.58;0.58;0.0;0.0
2019-08-20 03:49:00;235.08;180.5;47.27;3.65;0.87;0.87;0.58;0.58;0.0;0.0
2019-08-20 03:50:00;235.09;181.6;47.62;3.04;0.84;0.84;0.45;0.45;0.0;0.0
2019-08-20 03:53:00;235.11;189.6;48.32;2.15;0.79;0.79;0.29;0.29;0.0;0.0
2019-08-20 03:54:00;235.11;189.3;48.32;1.92;0.79;0.79;0.29;0.29;0.0;0.0
2019-08-20 03:55:00;235.12;190.6;48.29;1.98;0.79;0.79;0.3;0.3;0.0;0.0
2019-08-20 03:58:00;235.14;190.9;48.55;1.92;0.79;0.79;0.28;0.28;0.0;0.0
2019-08-20 03:59:00;235.14;188.0;48.55;1.9;0.79;0.79;0.28;0.28;0.0;0.0
2019-08-20 04:00:00;235.14;186.0;48.17;1.93;0.79;0.79;0.29;0.29;0.0;0.0
2019-08-20 04:03:00;235.16;189.4;48.33;1.95;0.78;0.78;0.29;0.29;0.0;0.0
2019-08-20 04:04:00;235.16;189.6;48.33;1.96;0.79;0.79;0.29;0.29;0.0;0.0
2019-08-20 04:05:00;235.17;189.3;47.87;2.24;0.88;0.88;0.37;0.37;0.0;0.0
2019-08-20 04:08:00;235.19;193.6;48.75;1.32;0.94;0.94;0.21;0.21;0.0;0.0
2019-08-20 04:09:00;235.19;197.3;48.75;1.12;0.94;0.94;0.21;0.21;0.0;0.0
2019-08-20 04:10:00;235.19;199.1;48.98;1.12;0.94;0.94;0.21;0.21;0.0;0.0
2019-08-20 15:50:00;235.20;196.1;48.71;1.39;0.93;0.93;0.25;0.25;0.0;0.0
2019-08-20 15:51:00;235.20;191.7;48.45;2.9;0.92;0.92;0.41;0.41;0.0;0.0
2019-08-20 15:53:00;235.24;167.5;45.7;4.82;0.88;0.88;0.75;0.75;0.0;0.0
2019-08-20 15:54:00;235.24;167.5;45.7;4.82;0.88;0.88;0.75;0.75;0.0;0.0
2019-08-20 15:55:00;235.25;162.9;45.72;4.88;0.88;0.88;0.73;0.73;0.0;0.0
2019-08-20 15:58:00;235.30;151.9;45.29;4.77;0.89;0.89;0.72;0.72;0.0;0.0
2019-08-20 15:59:00;235.30;151.9;45.29;4.96;0.88;0.88;0.72;0.72;0.0;0.0
2019-08-20 16:36:00;235.73;160.1;45.27;4.89;0.88;0.88;0.71;0.71;0.0;0.0
2019-08-20 17:01:00;236.01;169.8;45.8;4.42;0.88;0.88;0.63;0.63;0.0;0.0
2019-08-20 17:03:00;236.04;170.2;46.19;4.09;0.9;0.9;0.62;0.62;0.0;0.0
2019-08-20 17:04:00;236.05;170.2;46.25;4.09;0.9;0.9;0.66;0.66;0.0;0.0
2019-08-20 17:05:00;236.05;171.8;46.25;4.12;0.88;0.88;0.66;0.66;0.0;0.0
2019-08-20 17:08:00;236.10;170.5;46.38;4.29;0.88;0.88;0.67;0.67;0.0;0.0
2019-08-20 17:09:00;236.10;170.5;46.38;4.29;0.88;0.88;0.67;0.67;0.0;0.0
2019-08-20 17:10:00;236.11;166.5;46.04;4.39;0.88;0.88;0.64;0.64;0.0;0.0
2019-08-20 17:13:00;236.15;169.8;45.79;4.48;0.88;0.88;0.65;0.65;0.0;0.0
2019-08-20 17:14:00;236.16;169.8;46.1;4.48;0.88;0.88;0.65;0.65;0.0;0.0
2019-08-20 17:15:00;236.16;168.8;46.1;4.28;0.88;0.88;0.65;0.65;0.0;0.0
2019-08-20 17:55:00;236.64;158.7;44.79;4.99;0.88;0.88;0.68;0.68;0.0;0.0
2019-08-20 17:56:00;236.65;154.9;45.07;4.99;0.88;0.88;0.69;0.69;0.0;0.0
2019-08-20 17:58:00;236.67;157.6;44.9;4.9;0.88;0.88;0.72;0.72;0.0;0.0
2019-08-21 23:37:00;236.77;188.4;47.97;3.34;0.88;0.88;0.51;0.51;0.0;0.0
2019-08-21 23:38:00;236.79;185.8;46.79;4.08;0.88;0.88;0.66;0.66;0.0;0.0
2019-08-21 23:39:00;236.79;185.8;46.79;4.08;0.88;0.88;0.66;0.66;0.0;0.0
2019-08-21 23:40:00;236.80;173.0;46.18;4.58;0.87;0.87;0.68;0.68;0.0;0.0
2019-08-21 23:43:00;236.85;163.9;46.32;4.93;0.88;0.88;0.64;0.64;0.0;0.0
2019-08-21 23:44:00;236.85;163.9;46.09;4.93;0.88;0.88;0.64;0.64;0.0;0.0
2019-08-21 23:45:00;236.86;177.8;46.09;4.91;0.88;0.88;0.71;0.71;0.0;0.0
2019-08-21 23:48:00;236.91;162.8;45.5;5.12;0.88;0.88;0.75;0.75;0.0;0.0
2019-08-21 23:49:00;236.91;162.8;45.5;5.12;0.88;0.88;0.75;0.75;0.0;0.0
2019-08-21 23:50:00;236.92;169.4;45.64;4.86;0.88;0.88;0.75;0.75;0.0;0.0
2019-08-21 23:53:00;236.97;166.0;45.7;4.87;0.88;0.88;0.7;0.7;0.0;0.0
2019-08-21 23:54:00;236.97;166.0;45.7;4.87;0.88;0.88;0.7;0.7;0.0;0.0
2019-08-21 23:55:00;236.98;170.5;46.08;4.91;0.88;0.88;0.72;0.72;0.0;0.0
2019-08-21 23:58:00;237.03;162.2;45.86;5.16;0.87;0.87;0.7;0.7;0.0;0.0
2019-08-21 23:59:00;237.03;162.2;45.86;5.16;0.87;0.87;0.7;0.7;0.0;0.0
2019-08-22 00:03:00;237.09;165.0;46.04;4.85;0.87;0.87;0.72;0.72;0.0;0.0
2019-08-22 00:04:00;237.09;165.0;46.04;4.85;0.87;0.87;0.72;0.72;0.0;0.0
2019-08-22 00:05:00;237.10;169.8;46.4;4.78;0.88;0.88;0.7;0.7;0.0;0.0
2019-08-22 00:08:00;237.15;164.7;45.68;4.89;0.89;0.89;0.74;0.74;0.0;0.0
2019-08-22 00:09:00;237.15;164.7;45.68;4.89;0.89;0.89;0.74;0.74;0.0;0.0
2019-08-22 00:10:00;237.16;162.9;45.88;5.21;0.89;0.89;0.74;0.74;0.0;0.0
2019-08-22 00:13:00;237.21;159.1;45.65;5.09;0.89;0.89;0.73;0.73;0.0;0.0
2019-08-22 00:14:00;237.21;159.1;45.65;5.09;0.89;0.89;0.73;0.73;0.0;0.0
2019-08-22 00:15:00;237.22;165.8;45.61;4.97;0.89;0.89;0.73;0.73;0.0;0.0
2019-08-22 00:18:00;237.27;162.0;44.89;4.89;0.89;0.89;0.74;0.74;0.0;0.0
2019-08-22 00:19:00;237.27;162.0;44.89;4.89;0.89;0.89;0.74;0.74;0.0;0.0
2019-08-22 00:20:00;237.28;162.8;45.62;4.93;0.88;0.88;0.73;0.73;0.0;0.0
2019-08-22 00:23:00;237.33;159.4;45.69;4.94;0.88;0.88;0.75;0.75;0.0;0.0
2019-08-22 00:24:00;237.33;159.4;45.69;4.94;0.88;0.88;0.75;0.75;0.0;0.0
2019-08-22 00:25:00;237.35;165.8;45.37;5.07;0.89;0.89;0.74;0.74;0.0;0.0
2019-08-22 00:28:00;237.39;163.7;45.66;5.15;0.89;0.89;0.72;0.72;0.0;0.0
2019-08-22 00:29:00;237.39;163.7;45.66;5.15;0.89;0.89;0.72;0.72;0.0;0.0
2019-08-22 00:30:00;237.41;165.2;45.51;5.0;0.89;0.89;0.76;0.76;0.0;0.0
2019-08-22 00:33:00;237.46;160.7;45.71;4.97;0.89;0.89;0.73;0.73;0.0;0.0
2019-08-22 00:34:00;237.46;160.7;45.71;4.97;0.89;0.89;0.73;0.73;0.0;0.0
2019-08-22 00:35:00;237.47;162.2;45.33;4.92;0.89;0.89;0.74;0.74;0.0;0.0
2019-08-22 00:38:00;237.52;166.5;45.83;4.9;0.88;0.88;0.72;0.72;0.0;0.0
2019-08-22 00:39:00;237.52;166.5;45.83;4.9;0.88;0.88;0.72;0.72;0.0;0.0
2019-08-22 00:40:00;237.53;164.8;46.07;4.91;0.88;0.88;0.69;0.69;0.0;0.0
2019-08-22 00:43:00;237.58;161.1;45.77;5.03;0.88;0.88;0.73;0.73;0.0;0.0
2019-08-22 00:44:00;237.58;161.1;45.77;5.03;0.88;0.88;0.73;0.73;0.0;0.0
2019-08-22 00:45:00;237.59;169.8;46.16;4.8;0.88;0.88;0.71;0.71;0.0;0.0
2019-08-22 00:48:00;237.64;158.7;45.03;5.1;0.88;0.88;0.69;0.69;0.0;0.0
2019-08-22 00:49:00;237.64;158.7;45.03;5.1;0.88;0.88;0.69;0.69;0.0;0.0
2019-08-22 00:50:00;237.65;160.5;45.1;4.95;0.88;0.88;0.73;0.73;0.0;0.0
2019-08-22 00:53:00;237.70;162.6;45.7;4.93;0.88;0.88;0.73;0.73;0.0;0.0
2019-08-22 00:54:00;237.70;162.6;45.7;4.93;0.88;0.88;0.73;0.73;0.0;0.0
2019-08-22 00:55:00;237.71;164.8;45.77;4.9;0.88;0.88;0.7;0.7;0.0;0.0
2019-08-22 00:58:00;237.76;170.5;45.93;4.66;0.88;0.88;0.71;0.71;0.0;0.0
2019-08-22 00:59:00;237.76;170.5;45.93;4.66;0.88;0.88;0.71;0.71;0.0;0.0
2019-08-22 01:00:00;237.77;166.3;46.23;4.64;0.88;0.88;0.7;0.7;0.0;0.0
2019-08-22 01:03:00;237.81;165.5;45.26;4.95;0.88;0.88;0.72;0.72;0.0;0.0
2019-08-22 01:04:00;237.81;165.5;45.26;4.95;0.88;0.88;0.72;0.72;0.0;0.0
2019-08-22 01:05:00;237.83;166.6;44.96;4.62;0.88;0.88;0.72;0.72;0.0;0.0
2019-08-22 01:08:00;237.87;165.1;45.45;4.99;0.88;0.88;0.71;0.71;0.0;0.0
2019-08-22 01:09:00;237.87;165.1;45.45;4.99;0.88;0.88;0.71;0.71;0.0;0.0
2019-08-22 01:10:00;237.89;162.9;45.9;5.3;0.89;0.89;0.75;0.75;0.0;0.0
2019-08-22 01:13:00;237.93;168.0;46.08;4.79;0.88;0.88;0.7;0.7;0.0;0.0
2019-08-22 01:14:00;237.93;168.0;46.08;4.79;0.88;0.88;0.7;0.7;0.0;0.0
2019-08-22 01:15:00;237.95;169.7;46.27;4.61;0.89;0.89;0.73;0.73;0.0;0.0
2019-08-22 01:18:00;237.99;170.4;46.36;4.56;0.88;0.88;0.69;0.69;0.0;0.0
2019-08-22 01:19:00;237.99;170.4;46.36;4.56;0.88;0.88;0.69;0.69;0.0;0.0
2019-08-22 01:20:00;238.00;168.5;46.23;4.84;0.88;0.88;0.7;0.7;0.0;0.0
2019-08-22 01:23:00;238.05;167.9;45.94;4.61;0.89;0.89;0.76;0.76;0.0;0.0
2019-08-22 01:24:00;238.05;167.9;45.94;4.61;0.89;0.89;0.76;0.76;0.0;0.0
2019-08-22 01:25:00;238.06;173.1;46.45;4.81;0.89;0.89;0.72;0.72;0.0;0.0
2019-08-22 01:28:00;238.11;169.9;46.42;4.64;0.89;0.89;0.71;0.71;0.0;0.0
2019-08-22 01:29:00;238.11;169.9;46.42;4.64;0.89;0.89;0.71;0.71;0.0;0.0
2019-08-22 01:30:00;238.12;173.5;46.35;4.58;0.9;0.9;0.73;0.73;0.0;0.0
2019-08-22 01:33:00;238.17;168.7;46.34;4.85;0.89;0.89;0.73;0.73;0.0;0.0
2019-08-22 01:34:00;238.17;168.7;46.34;4.85;0.89;0.89;0.73;0.73;0.0;0.0
2019-08-22 01:35:00;238.18;168.8;45.83;4.82;0.89;0.89;0.73;0.73;0.0;0.0
2019-08-22 01:38:00;238.23;164.7;46.13;5.45;0.89;0.89;0.76;0.76;0.0;0.0
2019-08-22 01:39:00;238.23;164.7;46.13;5.45;0.89;0.89;0.76;0.76;0.0;0.0
2019-08-22 01:40:00;238.24;164.7;46.24;5.02;0.89;0.89;0.75;0.75;0.0;0.0
2019-08-22 01:43:00;238.29;171.3;45.77;4.86;0.89;0.89;0.76;0.76;0.0;0.0
2019-08-22 01:44:00;238.29;171.3;45.77;4.86;0.89;0.89;0.76;0.76;0.0;0.0
2019-08-22 01:45:00;238.31;168.7;46.21;4.83;0.89;0.89;0.76;0.76;0.0;0.0
2019-08-22 01:48:00;238.35;172.0;46.55;4.72;0.89;0.89;0.71;0.71;0.0;0.0
2019-08-22 01:49:00;238.35;172.0;46.55;4.72;0.89;0.89;0.71;0.71;0.0;0.0
2019-08-22 01:50:00;238.37;168.9;46.14;4.65;0.89;0.89;0.71;0.71;0.0;0.0
2019-08-22 01:53:00;238.41;170.5;46.69;4.73;0.89;0.89;0.72;0.72;0.0;0.0
2019-08-22 01:54:00;238.41;170.5;46.69;4.73;0.89;0.89;0.72;0.72;0.0;0.0
2019-08-22 01:55:00;238.43;173.3;46.58;4.69;0.89;0.89;0.74;0.74;0.0;0.0
2019-08-22 01:58:00;238.47;169.4;46.0;4.89;0.89;0.89;0.72;0.72;0.0;0.0
2019-08-22 01:59:00;238.47;169.4;46.0;4.89;0.89;0.89;0.72;0.72;0.0;0.0
2019-08-22 02:00:00;238.49;170.9;46.56;4.66;0.88;0.88;0.7;0.7;0.0;0.0
2019-08-22 02:03:00;238.53;172.8;46.13;4.67;0.89;0.89;0.71;0.71;0.0;0.0
2019-08-22 02:04:00;238.53;172.8;46.13;4.67;0.89;0.89;0.71;0.71;0.0;0.0
2019-08-22 02:05:00;238.55;172.1;46.68;4.48;0.89;0.89;0.71;0.71;0.0;0.0
2019-08-22 02:08:00;238.60;166.2;45.95;4.85;0.88;0.88;0.71;0.71;0.0;0.0
2019-08-22 02:09:00;238.60;166.2;45.95;4.85;0.88;0.88;0.71;0.71;0.0;0.0
2019-08-22 02:10:00;238.61;171.0;46.29;4.63;0.88;0.88;0.72;0.72;0.0;0.0
2019-08-22 02:13:00;238.66;173.5;46.77;4.74;0.89;0.89;0.71;0.71;0.0;0.0
2019-08-22 02:14:00;238.66;173.5;46.77;4.74;0.89;0.89;0.71;0.71;0.0;0.0
2019-08-22 02:15:00;238.67;166.9;46.04;4.61;0.89;0.89;0.73;0.73;0.0;0.0
2019-08-22 02:18:00;238.68;228.0;52.79;0.0;1.0;1.0;0.0;0.0;0.0;0.0
2019-08-22 02:19:00;238.68;228.0;52.79;0.0;1.0;1.0;0.0;0.0;0.0;0.0
2019-08-22 02:20:00;238.68;231.8;53.57;0.0;1.0;1.0;0.0;0.0;0.0;0.0
2019-08-22 15:37:00;238.68;192.6;48.3;2.38;0.88;0.88;0.4;0.4;0.0;0.0
2019-08-22 15:38:00;238.70;191.8;48.25;3.01;0.89;0.89;0.55;0.55;0.0;0.0
2019-08-22 15:39:00;238.70;191.8;48.25;3.44;0.89;0.89;0.55;0.55;0.0;0.0
2019-08-22 15:40:00;238.71;191.1;47.92;3.45;0.89;0.89;0.57;0.57;0.0;0.0
2019-08-22 15:43:00;238.75;186.0;47.65;3.44;0.89;0.89;0.61;0.61;0.0;0.0
2019-08-22 15:44:00;238.75;186.0;47.65;3.44;0.89;0.89;0.61;0.61;0.0;0.0
2019-08-22 15:45:00;238.76;183.3;47.51;3.5;0.89;0.89;0.59;0.59;0.0;0.0
2019-08-22 15:48:00;238.80;188.1;48.01;3.5;0.89;0.89;0.58;0.58;0.0;0.0
2019-08-22 15:49:00;238.80;188.1;48.01;3.5;0.89;0.89;0.58;0.58;0.0;0.0
2019-08-22 15:50:00;238.81;184.4;47.84;3.44;0.89;0.89;0.58;0.58;0.0;0.0
2019-08-22 15:53:00;238.85;174.2;45.61;4.73;0.88;0.88;0.74;0.74;0.0;0.0
2019-08-22 15:54:00;238.85;172.0;45.61;4.75;0.88;0.88;0.74;0.74;0.0;0.0
2019-08-22 15:55:00;238.86;173.0;45.84;4.66;0.88;0.88;0.74;0.74;0.0;0.0
2019-08-22 15:58:00;238.91;180.7;46.79;5.04;0.88;0.88;0.66;0.66;0.0;0.0
2019-08-22 15:59:00;238.91;180.7;46.79;4.07;0.87;0.87;0.66;0.66;0.0;0.0
2019-08-22 16:00:00;238.92;177.3;47.09;3.93;0.89;0.89;0.64;0.64;0.0;0.0
2019-08-22 16:03:00;238.96;180.1;47.11;3.95;0.89;0.89;0.65;0.65;0.0;0.0
2019-08-22 16:04:00;238.96;181.2;47.11;3.98;0.89;0.89;0.65;0.65;0.0;0.0
2019-08-22 16:05:00;238.97;173.8;47.0;3.93;0.9;0.9;0.63;0.63;0.0;0.0
2019-08-22 16:08:00;239.02;178.0;47.32;4.04;0.89;0.89;0.62;0.62;0.0;0.0
2019-08-22 16:09:00;239.02;178.5;47.32;3.84;0.89;0.89;0.62;0.62;0.0;0.0
2019-08-22 16:10:00;239.03;172.4;46.41;4.02;0.89;0.89;0.63;0.63;0.0;0.0
2019-08-22 16:13:00;239.07;178.3;46.76;3.85;0.89;0.89;0.62;0.62;0.0;0.0
2019-08-22 16:14:00;239.07;178.3;46.76;4.16;0.89;0.89;0.62;0.62;0.0;0.0
2019-08-22 16:15:00;239.08;179.6;46.96;3.93;0.89;0.89;0.61;0.61;0.0;0.0
2019-08-22 16:18:00;239.12;165.1;46.26;4.44;0.89;0.89;0.69;0.69;0.0;0.0
2019-08-22 16:19:00;239.12;170.8;46.61;4.52;0.89;0.89;0.69;0.69;0.0;0.0
2019-08-22 16:20:00;239.13;172.8;46.61;4.23;0.89;0.89;0.67;0.67;0.0;0.0
2019-08-22 16:23:00;239.18;166.2;46.25;4.47;0.89;0.89;0.69;0.69;0.0;0.0
2019-08-22 16:24:00;239.18;172.7;46.25;4.43;0.9;0.9;0.69;0.69;0.0;0.0
2019-08-22 16:25:00;239.19;166.9;45.93;4.63;0.89;0.89;0.71;0.71;0.0;0.0
2019-08-22 16:28:00;239.24;164.9;45.7;4.65;0.89;0.89;0.69;0.69;0.0;0.0
2019-08-22 16:29:00;239.24;164.9;45.7;4.65;0.89;0.89;0.69;0.69;0.0;0.0
2019-08-22 16:30:00;239.25;168.3;46.18;4.61;0.89;0.89;0.69;0.69;0.0;0.0
2019-08-22 16:33:00;239.30;170.1;46.37;4.82;0.89;0.89;0.69;0.69;0.0;0.0
2019-08-22 16:34:00;239.30;173.1;46.37;4.63;0.89;0.89;0.69;0.69;0.0;0.0
2019-08-22 16:35:00;239.31;170.0;46.36;4.68;0.86;0.86;0.71;0.71;0.0;0.0
2019-08-22 16:38:00;239.35;170.6;46.27;4.77;0.89;0.89;0.69;0.69;0.0;0.0
2019-08-22 16:39:00;239.35;170.6;46.27;4.46;0.89;0.89;0.69;0.69;0.0;0.0
2019-08-22 16:40:00;239.37;171.9;46.42;4.47;0.89;0.89;0.7;0.7;0.0;0.0
2019-08-22 16:43:00;239.41;172.5;46.49;4.7;0.89;0.89;0.69;0.69;0.0;0.0
2019-08-22 16:44:00;239.41;172.5;46.49;4.7;0.89;0.89;0.69;0.69;0.0;0.0
2019-08-22 16:45:00;239.42;170.8;46.38;4.71;0.89;0.89;0.7;0.7;0.0;0.0
2019-08-22 16:48:00;239.47;168.7;46.5;4.61;0.9;0.9;0.72;0.72;0.0;0.0
2019-08-22 16:49:00;239.47;166.2;46.5;4.65;0.89;0.89;0.72;0.72;0.0;0.0
2019-08-22 16:50:00;239.48;172.3;45.93;4.92;0.89;0.89;0.7;0.7;0.0;0.0
2019-08-22 16:53:00;239.53;168.6;46.27;4.63;0.89;0.89;0.7;0.7;0.0;0.0
2019-08-22 16:54:00;239.53;168.6;46.27;4.63;0.89;0.89;0.7;0.7;0.0;0.0
2019-08-22 16:55:00;239.54;167.5;46.31;4.61;0.89;0.89;0.7;0.7;0.0;0.0
2019-08-22 16:58:00;239.59;165.9;46.23;4.76;0.89;0.89;0.7;0.7;0.0;0.0
2019-08-22 16:59:00;239.59;165.9;46.23;4.6;0.89;0.89;0.7;0.7;0.0;0.0
2019-08-22 17:00:00;239.60;169.5;46.23;4.66;0.89;0.89;0.7;0.7;0.0;0.0
2019-08-22 17:03:00;239.64;167.7;46.01;4.7;0.86;0.86;0.72;0.72;0.0;0.0
2019-08-22 17:04:00;239.64;167.7;45.99;4.76;0.9;0.9;0.72;0.72;0.0;0.0
2019-08-22 17:05:00;239.66;171.1;45.99;4.51;0.89;0.89;0.7;0.7;0.0;0.0
2019-08-22 17:08:00;239.70;166.9;45.84;4.45;0.89;0.89;0.72;0.72;0.0;0.0
2019-08-22 17:09:00;239.70;166.9;45.84;4.45;0.89;0.89;0.72;0.72;0.0;0.0
2019-08-22 17:10:00;239.71;168.0;45.7;4.65;0.9;0.9;0.72;0.72;0.0;0.0
2019-08-22 17:13:00;239.76;170.6;45.99;4.89;0.89;0.89;0.71;0.71;0.0;0.0
2019-08-22 17:14:00;239.76;167.9;45.99;4.79;0.89;0.89;0.71;0.71;0.0;0.0
2019-08-22 17:15:00;239.77;167.3;45.95;4.71;0.89;0.89;0.73;0.73;0.0;0.0
2019-08-22 17:18:00;239.82;167.5;46.22;4.66;0.89;0.89;0.68;0.68;0.0;0.0
2019-08-22 17:19:00;239.82;171.4;46.22;4.59;0.89;0.89;0.68;0.68;0.0;0.0
2019-08-22 17:20:00;239.83;169.0;46.0;4.75;0.89;0.89;0.69;0.69;0.0;0.0
2019-08-22 17:23:00;239.87;165.5;45.93;4.68;0.89;0.89;0.7;0.7;0.0;0.0
2019-08-22 17:24:00;239.88;165.8;45.89;4.66;0.89;0.89;0.72;0.72;0.0;0.0
2019-08-22 17:25:00;239.89;165.8;45.89;4.77;0.89;0.89;0.69;0.69;0.0;0.0
2019-08-22 17:28:00;239.94;165.1;46.07;5.06;0.89;0.89;0.71;0.71;0.0;0.0
2019-08-22 17:29:00;239.94;165.1;46.07;5.06;0.89;0.89;0.71;0.71;0.0;0.0
2019-08-22 17:30:00;239.95;167.0;46.0;4.67;0.89;0.89;0.68;0.68;0.0;0.0
2019-08-22 17:33:00;239.99;166.8;45.91;4.78;0.89;0.89;0.7;0.7;0.0;0.0
2019-08-22 17:34:00;239.99;166.8;45.91;4.8;0.89;0.89;0.7;0.7;0.0;0.0
2019-08-22 17:35:00;240.01;166.5;45.79;4.91;0.89;0.89;0.7;0.7;0.0;0.0
2019-08-22 17:38:00;240.05;161.5;45.68;4.96;0.89;0.89;0.69;0.69;0.0;0.0
2019-08-22 17:39:00;240.05;161.5;45.83;4.96;0.89;0.89;0.69;0.69;0.0;0.0
2019-08-22 17:40:00;240.06;168.1;45.83;4.55;0.89;0.89;0.72;0.72;0.0;0.0
2019-08-22 17:43:00;240.11;167.7;45.95;4.82;0.89;0.89;0.69;0.69;0.0;0.0
2019-08-22 17:44:00;240.11;167.7;45.95;4.82;0.89;0.89;0.69;0.69;0.0;0.0
2019-08-22 17:45:00;240.12;164.4;46.07;4.9;0.89;0.89;0.69;0.69;0.0;0.0
2019-08-22 17:46:00;240.13;168.7;46.1;4.53;0.89;0.89;0.69;0.69;0.0;0.0
2019-08-22 17:48:00;240.17;159.8;45.69;5.08;0.88;0.88;0.7;0.7;0.0;0.0
2019-08-22 17:49:00;240.17;159.8;45.69;4.91;0.88;0.88;0.7;0.7;0.0;0.0
2019-08-22 17:50:00;240.18;156.7;45.62;5.1;0.88;0.88;0.68;0.68;0.0;0.0
2019-08-22 17:53:00;240.23;152.9;45.32;5.2;0.88;0.88;0.69;0.69;0.0;0.0
2019-08-22 17:54:00;240.23;152.9;45.32;4.86;0.88;0.88;0.69;0.69;0.0;0.0
2019-08-22 17:55:00;240.24;162.5;45.31;5.03;0.88;0.88;0.68;0.68;0.0;0.0
2019-08-22 17:58:00;240.28;157.6;44.06;4.89;0.88;0.88;0.67;0.67;0.0;0.0
2019-08-22 17:59:00;240.28;157.0;44.06;4.99;0.87;0.87;0.67;0.67;0.0;0.0
2019-08-22 18:00:00;240.30;150.6;45.09;5.2;0.88;0.88;0.71;0.71;0.0;0.0
2019-08-22 18:03:00;240.34;156.5;44.98;4.81;0.88;0.88;0.66;0.66;0.0;0.0
2019-08-22 18:18:00;240.51;155.2;44.82;5.35;0.88;0.88;0.69;0.69;0.0;0.0
2019-08-22 18:39:00;240.74;169.9;52.63;4.96;0.89;0.89;0.0;0.0;0.0;0.0
2019-08-22 18:40:00;240.74;225.5;52.63;0.0;1.0;1.0;0.0;0.0;0.0;0.0
2019-08-22 20:10:00;240.76;164.7;45.6;5.06;0.87;0.87;0.72;0.72;0.0;0.0
2019-08-22 20:11:00;240.77;164.7;46.03;4.68;0.89;0.89;0.68;0.68;0.0;0.0
2019-08-22 20:13:00;240.80;163.5;45.77;4.52;0.82;0.82;0.62;0.62;0.0;0.0
2019-08-22 20:14:00;240.80;163.5;45.77;4.52;0.82;0.82;0.62;0.62;0.0;0.0
2019-08-22 20:15:00;240.81;168.9;46.04;4.48;0.83;0.83;0.65;0.65;0.0;0.0
2019-08-22 23:50:00;243.15;168.6;46.38;4.59;0.85;0.85;0.72;0.72;0.0;0.0
2019-08-22 23:53:00;243.20;147.6;45.18;5.33;0.83;0.83;0.72;0.72;0.0;0.0
2019-08-22 23:54:00;243.21;147.6;45.74;5.33;0.83;0.83;0.7;0.7;0.0;0.0
2019-08-22 23:55:00;243.21;158.2;45.74;5.49;0.83;0.83;0.7;0.7;0.0;0.0
2019-08-23 17:30:00;244.31;206.6;49.27;0.0;1.0;1.0;0.0;0.0;0.0;0.0
2019-08-23 17:31:00;244.31;184.0;47.78;4.25;0.9;0.9;0.69;0.69;0.0;0.0
2019-08-23 19:35:00;244.33;179.1;47.19;3.83;0.9;0.9;0.63;0.63;0.0;0.0
2019-08-23 19:36:00;244.34;170.0;45.34;5.09;0.89;0.89;0.76;0.76;0.0;0.0
2019-08-23 19:38:00;244.38;152.4;44.59;5.56;0.87;0.87;0.75;0.75;0.0;0.0
2019-08-23 19:39:00;244.38;152.4;44.59;5.56;0.87;0.87;0.75;0.75;0.0;0.0
2019-08-23 19:40:00;244.39;161.9;44.89;4.96;0.88;0.88;0.73;0.73;0.0;0.0
2019-08-23 19:43:00;244.44;164.1;44.24;4.55;0.88;0.88;0.71;0.71;0.0;0.0
2019-08-23 19:44:00;244.44;164.1;44.24;4.55;0.89;0.89;0.71;0.71;0.0;0.0
2019-08-23 19:45:00;244.45;153.9;45.15;5.15;0.88;0.88;0.69;0.69;0.0;0.0
2019-08-23 19:53:00;244.54;235.8;52.95;0.0;1.0;1.0;0.0;0.0;0.0;0.0
2019-08-23 20:40:00;244.54;232.3;53.02;0.0;1.0;1.0;0.0;0.0;0.0;0.0
2019-08-23 20:41:00;244.54;231.3;53.02;0.0;1.0;1.0;0.0;0.0;0.0;0.0
2019-08-23 20:43:00;244.56;187.3;47.24;3.28;0.89;0.89;0.54;0.54;0.0;0.0
2019-08-23 20:44:00;244.56;187.3;47.24;3.28;0.89;0.89;0.54;0.54;0.0;0.0
2019-08-23 20:45:00;244.57;181.4;45.59;3.97;0.89;0.89;0.64;0.64;0.0;0.0
2019-08-23 20:48:00;244.61;171.5;46.54;4.39;0.89;0.89;0.67;0.67;0.0;0.0
2019-08-23 20:49:00;244.61;171.5;46.54;4.39;0.9;0.9;0.67;0.67;0.0;0.0
2019-08-23 20:50:00;244.62;157.1;45.17;4.47;0.88;0.88;0.66;0.66;0.0;0.0
2019-08-23 21:13:00;244.88;146.9;44.72;5.46;0.87;0.87;0.72;0.72;0.0;0.0
2019-08-23 22:11:00;245.53;147.4;43.31;5.32;0.86;0.86;0.7;0.7;0.0;0.0
2019-08-24 02:52:00;248.87;147.3;44.68;5.91;0.84;0.84;0.77;0.77;0.0;0.0
2019-08-24 02:53:00;248.90;161.8;45.34;5.46;0.87;0.87;0.73;0.73;0.0;0.0
2019-08-24 02:54:00;248.91;155.1;45.63;5.48;0.87;0.87;0.73;0.73;0.0;0.0
2019-08-24 02:55:00;248.91;155.1;45.63;5.48;0.86;0.86;0.73;0.73;0.0;0.0
2019-08-24 02:58:00;248.96;162.1;45.63;4.99;0.86;0.86;0.73;0.73;0.0;0.0
2019-08-24 03:03:00;249.02;157.9;45.18;5.59;0.86;0.86;0.76;0.76;0.0;0.0
2019-08-24 03:04:00;249.03;156.4;45.49;5.9;0.87;0.87;0.73;0.73;0.0;0.0
2019-08-24 03:08:00;249.08;153.8;45.48;5.52;0.86;0.86;0.74;0.74;0.0;0.0
2019-08-24 03:09:00;249.09;164.4;46.12;5.52;0.86;0.86;0.73;0.73;0.0;0.0
2019-08-24 03:10:00;249.09;164.4;46.12;5.13;0.87;0.87;0.73;0.73;0.0;0.0
2019-08-24 03:13:00;249.14;162.8;46.49;5.02;0.85;0.85;0.68;0.68;0.0;0.0
2019-08-24 03:14:00;249.15;169.4;46.62;5.03;0.85;0.85;0.67;0.67;0.0;0.0
2019-08-24 03:15:00;249.15;169.4;46.62;5.03;0.84;0.84;0.67;0.67;0.0;0.0
2019-08-24 03:18:00;249.20;165.9;46.47;5.05;0.84;0.84;0.67;0.67;0.0;0.0
2019-08-24 03:19:00;249.21;165.9;45.51;5.05;0.84;0.84;0.66;0.66;0.0;0.0
2019-08-24 03:20:00;249.21;158.4;45.51;4.74;0.84;0.84;0.66;0.66;0.0;0.0
2019-08-24 03:23:00;249.26;167.3;46.69;5.15;0.84;0.84;0.66;0.66;0.0;0.0
2019-08-24 03:24:00;249.27;162.5;46.35;5.09;0.84;0.84;0.67;0.67;0.0;0.0
2019-08-24 03:25:00;249.27;162.5;46.35;5.09;0.85;0.85;0.67;0.67;0.0;0.0
2019-08-24 03:28:00;249.31;167.2;46.15;5.04;0.84;0.84;0.69;0.69;0.0;0.0
2019-08-24 03:29:00;249.32;167.2;46.4;5.04;0.84;0.84;0.69;0.69;0.0;0.0
2019-08-24 03:33:00;249.37;159.0;46.18;4.73;0.86;0.86;0.66;0.66;0.0;0.0
2019-08-24 03:34:00;249.38;159.0;47.02;4.73;0.86;0.86;0.65;0.65;0.0;0.0
2019-08-24 03:35:00;249.38;174.2;47.02;4.21;0.85;0.85;0.65;0.65;0.0;0.0
2019-08-28 03:13:00;249.41;189.0;47.92;2.71;0.84;0.84;0.43;0.43;0.0;0.0
2019-08-28 03:14:00;249.41;191.8;48.18;2.73;0.84;0.84;0.43;0.43;0.0;0.0
2019-08-28 03:15:00;249.42;183.2;48.12;3.91;0.8;0.8;0.49;0.49;0.0;0.0
2019-08-28 03:18:00;249.46;178.7;47.81;3.95;0.8;0.8;0.56;0.56;0.0;0.0
2019-08-28 03:19:00;249.46;178.7;47.59;3.95;0.8;0.8;0.56;0.56;0.0;0.0
2019-08-28 03:20:00;249.47;173.6;47.59;4.42;0.84;0.84;0.63;0.63;0.0;0.0
2019-08-28 03:23:00;249.51;170.1;46.64;4.58;0.8;0.8;0.61;0.61;0.0;0.0
2019-08-28 03:24:00;249.51;170.1;46.64;4.58;0.8;0.8;0.61;0.61;0.0;0.0
2019-08-28 03:25:00;249.52;169.5;46.67;4.91;0.8;0.8;0.64;0.64;0.0;0.0
2019-08-28 03:28:00;249.56;171.4;46.32;4.56;0.81;0.81;0.62;0.62;0.0;0.0
2019-08-28 03:29:00;249.56;171.4;46.32;4.56;0.81;0.81;0.62;0.62;0.0;0.0
2019-08-28 03:30:00;249.57;167.6;46.25;4.64;0.8;0.8;0.61;0.61;0.0;0.0
2019-08-28 03:33:00;249.61;171.7;46.55;4.54;0.8;0.8;0.62;0.62;0.0;0.0
2019-08-28 03:34:00;249.61;171.7;46.55;4.54;0.8;0.8;0.62;0.62;0.0;0.0
2019-08-28 03:35:00;249.62;169.4;47.08;4.57;0.8;0.8;0.61;0.61;0.0;0.0
2019-08-28 03:39:00;249.66;168.8;47.09;4.42;0.8;0.8;0.58;0.58;0.0;0.0
2019-08-28 03:40:00;249.67;170.9;46.68;4.41;0.8;0.8;0.6;0.6;0.0;0.0
2019-08-28 03:43:00;249.71;171.1;46.94;4.48;0.8;0.8;0.62;0.62;0.0;0.0
2019-08-28 03:44:00;249.71;171.1;46.94;4.48;0.8;0.8;0.62;0.62;0.0;0.0
2019-08-28 03:45:00;249.72;164.8;46.37;4.44;0.77;0.77;0.61;0.61;0.0;0.0
2019-08-28 03:49:00;249.76;210.7;49.19;0.6;0.72;0.72;0.09;0.09;0.0;0.0
2019-08-29 23:15:00;250.17;180.0;47.7;3.44;0.87;0.87;0.53;0.53;0.0;0.0
2019-08-29 23:16:00;250.18;174.7;47.58;3.5;0.82;0.82;0.53;0.53;0.0;0.0
2019-08-29 23:17:00;250.19;169.2;46.45;4.08;0.78;0.78;0.55;0.55;0.0;0.0
2019-08-30 00:25:00;250.98;242.6;54.07;0.0;1.0;1.0;0.0;0.0;0.0;0.0
2019-08-30 16:35:00;250.98;182.9;47.31;3.34;0.9;0.9;0.53;0.53;0.0;0.0
2019-08-30 16:38:00;251.01;221.3;52.52;0.0;1.0;1.0;0.0;0.0;0.0;0.0
2019-08-30 21:07:00;251.01;183.1;48.49;3.71;0.88;0.88;0.5;0.5;0.0;0.0
2019-08-30 21:08:00;251.02;171.0;46.28;4.88;0.86;0.86;0.71;0.71;0.0;0.0
2019-08-30 21:13:00;251.08;156.7;44.85;4.76;0.86;0.86;0.61;0.61;0.0;0.0
2019-08-30 21:18:00;251.13;151.2;44.94;4.61;0.86;0.86;0.62;0.62;0.0;0.0
2019-08-30 21:19:00;251.13;151.2;44.94;4.61;0.86;0.86;0.62;0.62;0.0;0.0
2019-08-30 22:55:00;252.15;146.9;44.91;4.99;0.87;0.87;0.64;0.64;0.0;0.0
2019-08-30 23:31:00;252.40;236.3;53.0;0.0;1.0;1.0;0.0;0.0;0.0;0.0
2019-08-31 22:45:00;252.41;184.4;47.97;3.69;0.88;0.88;0.54;0.54;0.0;0.0
2019-08-31 22:48:00;252.45;175.7;46.16;3.87;0.88;0.88;0.59;0.59;0.0;0.0
2019-08-31 22:49:00;252.45;175.7;46.16;3.87;0.88;0.88;0.59;0.59;0.0;0.0
2019-08-31 22:50:00;252.46;179.9;46.66;3.97;0.88;0.88;0.61;0.61;0.0;0.0
2019-08-31 22:53:00;252.50;169.4;46.19;4.21;0.88;0.88;0.61;0.61;0.0;0.0
2019-08-31 22:54:00;252.50;169.4;46.19;4.21;0.88;0.88;0.61;0.61;0.0;0.0
2019-08-31 22:55:00;252.51;166.9;44.81;4.33;0.88;0.88;0.69;0.69;0.0;0.0
2019-08-31 22:58:00;252.56;172.2;45.19;4.31;0.89;0.89;0.67;0.67;0.0;0.0
2019-08-31 22:59:00;252.56;172.2;45.19;4.31;0.89;0.89;0.67;0.67;0.0;0.0
2019-08-31 23:00:00;252.57;165.7;46.11;4.6;0.87;0.87;0.72;0.72;0.0;0.0
2019-08-31 23:03:00;252.61;170.5;46.03;4.76;0.88;0.88;0.68;0.68;0.0;0.0
2019-08-31 23:04:00;252.61;170.5;46.03;4.76;0.88;0.88;0.68;0.68;0.0;0.0
2019-08-31 23:05:00;252.63;165.3;46.22;4.7;0.88;0.88;0.7;0.7;0.0;0.0
2019-08-31 23:08:00;252.67;168.6;45.51;4.3;0.88;0.88;0.68;0.68;0.0;0.0
2019-08-31 23:09:00;252.67;168.6;46.61;4.3;0.88;0.88;0.68;0.68;0.0;0.0
2019-08-31 23:10:00;252.68;166.3;46.61;4.36;0.89;0.89;0.67;0.67;0.0;0.0
2019-08-31 23:13:00;252.73;165.3;46.07;4.49;0.88;0.88;0.66;0.66;0.0;0.0
2019-08-31 23:14:00;252.73;165.3;46.07;4.49;0.88;0.88;0.66;0.66;0.0;0.0
2019-08-31 23:15:00;252.74;166.9;45.6;4.98;0.89;0.89;0.71;0.71;0.0;0.0
2019-08-31 23:18:00;252.78;161.1;45.74;5.3;0.89;0.89;0.68;0.68;0.0;0.0
2019-08-31 23:19:00;252.78;161.1;45.74;5.3;0.89;0.89;0.68;0.68;0.0;0.0
2019-08-31 23:20:00;252.80;168.4;45.88;4.55;0.89;0.89;0.69;0.69;0.0;0.0
2019-08-31 23:23:00;252.84;161.2;45.98;4.69;0.89;0.89;0.68;0.68;0.0;0.0
2019-08-31 23:24:00;252.84;161.2;45.98;4.69;0.89;0.89;0.68;0.68;0.0;0.0
2019-08-31 23:25:00;252.85;169.2;45.3;4.61;0.88;0.88;0.69;0.69;0.0;0.0
2019-08-31 23:28:00;252.90;165.1;45.95;4.42;0.88;0.88;0.68;0.68;0.0;0.0
2019-08-31 23:29:00;252.90;165.1;45.95;4.42;0.88;0.88;0.68;0.68;0.0;0.0
2019-08-31 23:30:00;252.91;163.1;46.11;4.79;0.88;0.88;0.7;0.7;0.0;0.0
2019-08-31 23:33:00;252.95;163.8;45.83;4.43;0.89;0.89;0.65;0.65;0.0;0.0
2019-08-31 23:34:00;252.95;163.8;45.83;4.43;0.89;0.89;0.65;0.65;0.0;0.0
2019-08-31 23:35:00;252.97;158.5;45.49;4.89;0.89;0.89;0.69;0.69;0.0;0.0
2019-08-31 23:38:00;253.01;158.2;45.36;4.7;0.88;0.88;0.66;0.66;0.0;0.0
2019-08-31 23:39:00;253.01;158.2;45.36;4.7;0.88;0.88;0.66;0.66;0.0;0.0
2019-08-31 23:40:00;253.02;163.4;45.99;4.64;0.88;0.88;0.66;0.66;0.0;0.0
2019-08-31 23:43:00;253.07;165.0;45.2;4.71;0.88;0.88;0.65;0.65;0.0;0.0
2019-09-01 00:34:00;253.62;165.1;45.3;4.46;0.89;0.89;0.67;0.67;0.0;0.0
2019-09-01 00:50:00;253.80;158.5;45.09;4.63;0.88;0.88;0.68;0.68;0.0;0.0
2019-09-01 01:06:00;253.96;153.0;45.91;4.42;0.87;0.87;0.64;0.64;0.0;0.0
2019-09-01 01:54:00;254.49;158.7;45.1;4.63;0.87;0.87;0.66;0.66;0.0;0.0
2019-09-01 01:55:00;254.49;158.7;45.1;4.63;0.87;0.87;0.66;0.66;0.0;0.0
2019-09-01 20:05:00;254.80;183.1;47.09;3.78;0.88;0.88;0.61;0.61;0.0;0.0
2019-09-01 20:08:00;254.85;149.0;45.44;6.5;0.86;0.86;0.8;0.8;0.0;0.0
2019-09-01 20:09:00;254.86;152.0;45.17;5.54;0.86;0.86;0.75;0.75;0.0;0.0
2019-09-01 20:10:00;254.86;152.0;45.17;5.54;0.86;0.86;0.75;0.75;0.0;0.0
2019-09-01 20:13:00;254.91;156.3;44.89;5.37;0.87;0.87;0.74;0.74;0.0;0.0
2019-09-01 20:14:00;254.92;156.0;44.94;5.37;0.87;0.87;0.73;0.73;0.0;0.0
2019-09-01 21:16:00;255.63;154.7;45.69;5.6;0.86;0.86;0.69;0.69;0.0;0.0
2019-09-01 21:18:00;255.67;159.9;45.51;5.21;0.86;0.86;0.73;0.73;0.0;0.0
2019-09-01 21:19:00;255.67;156.5;45.51;5.46;0.86;0.86;0.73;0.73;0.0;0.0
